feature,model,importance,fold
degree_centrality_HL,RandomForestClassifier,0.0755749812050449,0
PDI_HL,RandomForestClassifier,0.0698795579574023,0
PDI_LL,RandomForestClassifier,0.0683199786694386,0
degree_centrality_LL,RandomForestClassifier,0.059937387056527146,0
preferential_attachment,RandomForestClassifier,0.05295621437010367,0
nestedrank_HL,RandomForestClassifier,0.047728364186421575,0
betweenness_centrality_LL,RandomForestClassifier,0.04558747565889613,0
nestedrank_LL,RandomForestClassifier,0.039698872174207665,0
species.specificity.index_LL,RandomForestClassifier,0.03544404370311185,0
betweenness_centrality_HL,RandomForestClassifier,0.03514698607409478,0
Fisher.alpha_LL,RandomForestClassifier,0.03215339437219126,0
pagerank_HL,RandomForestClassifier,0.032120962579409364,0
pagerank_LL,RandomForestClassifier,0.029786398709549182,0
Fisher.alpha_HL,RandomForestClassifier,0.029686554034095845,0
species.specificity.index_HL,RandomForestClassifier,0.029361981741474915,0
degree_LL,RandomForestClassifier,0.028273956213200703,0
closeness_centrality_HL,RandomForestClassifier,0.027800441751053027,0
degree_HL,RandomForestClassifier,0.02293964781502904,0
closeness_centrality_LL,RandomForestClassifier,0.02049635766779827,0
friends_measure,RandomForestClassifier,0.018643256614499584,0
interaction.push.pull_LL,RandomForestClassifier,0.018254133879969357,0
interaction.push.pull_HL,RandomForestClassifier,0.01781371051833598,0
species.strength_HL,RandomForestClassifier,0.017379348986599145,0
species.strength_LL,RandomForestClassifier,0.016478975357680763,0
betweenness_LL,RandomForestClassifier,0.014849866583155921,0
node.specialisation.index.NSI_HL,RandomForestClassifier,0.012833306703238002,0
betweenness_HL,RandomForestClassifier,0.00957088869462801,0
node.specialisation.index.NSI_LL,RandomForestClassifier,0.009476624670852772,0
node_redundancy_HL,RandomForestClassifier,0.00772703645008548,0
connectance,RandomForestClassifier,0.004469338113672513,0
node_redundancy_LL,RandomForestClassifier,0.00437528384631074,0
hits_hubs_HL,RandomForestClassifier,0.004308552777927397,0
average_neighbor_degree_HL,RandomForestClassifier,0.0038219300304805025,0
d_LL,RandomForestClassifier,0.0033899889865000596,0
hits_hubs_LL,RandomForestClassifier,0.003280636995426163,0
hits_authorities_HL,RandomForestClassifier,0.0032323338195035336,0
average_neighbor_degree_LL,RandomForestClassifier,0.0029358124746295716,0
latapy_clustering_HL,RandomForestClassifier,0.002706013319661143,0
interaction evenness,RandomForestClassifier,0.0026589924226332004,0
NODF,RandomForestClassifier,0.002571319099120748,0
niche.overlap.HL,RandomForestClassifier,0.0025155921319552892,0
closeness_LL,RandomForestClassifier,0.0024677175752627536,0
hits_authorities_LL,RandomForestClassifier,0.0022542619057792593,0
global_efficiency,RandomForestClassifier,0.0019898880904181213,0
niche.overlap.LL,RandomForestClassifier,0.0019351926705903936,0
closeness_HL,RandomForestClassifier,0.0018232004270360368,0
motif_6_norm,RandomForestClassifier,0.0017852616929877492,0
same_community_infomap,RandomForestClassifier,0.0015542197846267192,0
latapy_clustering_LL,RandomForestClassifier,0.0015000193069421466,0
d_HL,RandomForestClassifier,0.0013739638604153767,0
network_size,RandomForestClassifier,0.0013193977617823342,0
bipartite_clustering,RandomForestClassifier,0.001217783583948668,0
motif_4_norm,RandomForestClassifier,0.001207087922827996,0
motif_8,RandomForestClassifier,0.0009364630185270314,0
nestedness,RandomForestClassifier,0.0008947376716949298,0
web asymmetry,RandomForestClassifier,0.0008742826967679955,0
motif_4,RandomForestClassifier,0.000699435243679459,0
robustness.LL,RandomForestClassifier,0.0006563181992981453,0
motif_8_norm,RandomForestClassifier,0.0006211797300104276,0
degree_assortativity_coefficient,RandomForestClassifier,0.0006133051875879623,0
motif_17,RandomForestClassifier,0.0006117550081930325,0
robustness.HL,RandomForestClassifier,0.0006036761802859852,0
cent_eigen,RandomForestClassifier,0.0005594560582341449,0
motif_16_norm,RandomForestClassifier,0.0005416826285155353,0
V.ratio.HL,RandomForestClassifier,0.0005167259798607162,0
Fisher alpha,RandomForestClassifier,0.0004939602578664069,0
species_ratio,RandomForestClassifier,0.0004755152855066344,0
motif_13,RandomForestClassifier,0.000454033904983419,0
vulnerability.LL,RandomForestClassifier,0.0004449076434562858,0
average_clustering,RandomForestClassifier,0.0003797526869655027,0
motif_2,RandomForestClassifier,0.00028968537040270734,0
generality.HL,RandomForestClassifier,0.00028579514876179583,0
motif_9,RandomForestClassifier,0.0002342301686498747,0
motif_2_norm,RandomForestClassifier,0.0002300059810597288,0
motif_17_norm,RandomForestClassifier,0.00022560440017573716,0
V.ratio.LL,RandomForestClassifier,0.00022341135713632064,0
motif_14,RandomForestClassifier,0.0001995265577798302,0
motif_6,RandomForestClassifier,0.00018259539934687745,0
motif_13_norm,RandomForestClassifier,0.00015964762651936364,0
motif_1,RandomForestClassifier,0.0001572690990824226,0
motif_11,RandomForestClassifier,0.00015687802018006421,0
motif_16,RandomForestClassifier,0.00011623629922170094,0
motif_9_norm,RandomForestClassifier,0.00010549972470589005,0
motif_12,RandomForestClassifier,0.00010028957520695794,0
interactions_count,RandomForestClassifier,9.667876831342248e-05,0
cent_between,RandomForestClassifier,9.295904179816744e-05,0
motif_1_norm,RandomForestClassifier,8.720775781301138e-05,0
Shannon diversity,RandomForestClassifier,6.479932387898272e-05,0
community_Chicago,RandomForestClassifier,0.0,0
community_Plant-Seed Dispersers,RandomForestClassifier,0.0,0
community_Washington,RandomForestClassifier,0.0,0
community_San Francisco,RandomForestClassifier,0.0,0
community_Legislature,RandomForestClassifier,0.0,0
community_Plant-Herbivore,RandomForestClassifier,0.0,0
cent_close,RandomForestClassifier,0.0,0
community_Minneapolis,RandomForestClassifier,0.0,0
community_Host-Parasite,RandomForestClassifier,0.0,0
community_Basketball,RandomForestClassifier,0.0,0
community_Plant-Pollinator,RandomForestClassifier,0.0,0
motif_7,RandomForestClassifier,0.0,0
motif_15_norm,RandomForestClassifier,0.0,0
H2,RandomForestClassifier,0.0,0
edge_connectivity,RandomForestClassifier,0.0,0
Spectral_bipartivity,RandomForestClassifier,0.0,0
local_efficiency,RandomForestClassifier,0.0,0
connected_components,RandomForestClassifier,0.0,0
isolate_LL,RandomForestClassifier,0.0,0
isolate_HL,RandomForestClassifier,0.0,0
links per species,RandomForestClassifier,0.0,0
number of compartments,RandomForestClassifier,0.0,0
compartment diversity,RandomForestClassifier,0.0,0
motif_3,RandomForestClassifier,0.0,0
motif_14_norm,RandomForestClassifier,0.0,0
motif_5,RandomForestClassifier,0.0,0
motif_10,RandomForestClassifier,0.0,0
motif_15,RandomForestClassifier,0.0,0
motif_3_norm,RandomForestClassifier,0.0,0
motif_5_norm,RandomForestClassifier,0.0,0
motif_7_norm,RandomForestClassifier,0.0,0
motif_10_norm,RandomForestClassifier,0.0,0
motif_11_norm,RandomForestClassifier,0.0,0
motif_12_norm,RandomForestClassifier,0.0,0
community_Hockey,RandomForestClassifier,0.0,0
preferential_attachment,LogisticRegression,-20.656407186159015,0
interaction.push.pull_LL,LogisticRegression,-2.8988109565518942,0
interaction.push.pull_HL,LogisticRegression,-2.0423350075495454,0
vulnerability.LL,LogisticRegression,-1.967590589386686,0
closeness_HL,LogisticRegression,-1.6700381470831345,0
closeness_LL,LogisticRegression,-1.6518801879806149,0
species.specificity.index_LL,LogisticRegression,-1.3381385325254245,0
edge_connectivity,LogisticRegression,-1.2887707964249941,0
global_efficiency,LogisticRegression,-1.0375198358588194,0
motif_8,LogisticRegression,-1.0317106815876314,0
generality.HL,LogisticRegression,-0.9152538569854138,0
motif_16_norm,LogisticRegression,-0.7701035899540768,0
motif_11_norm,LogisticRegression,-0.7221502065431676,0
motif_13,LogisticRegression,-0.6397166206412304,0
motif_10_norm,LogisticRegression,-0.5840275432386727,0
motif_4,LogisticRegression,-0.5814689110239233,0
motif_1_norm,LogisticRegression,-0.5754547436194142,0
motif_13_norm,LogisticRegression,-0.560894380627005,0
motif_17,LogisticRegression,-0.5242631743638824,0
connected_components,LogisticRegression,-0.5154286055258676,0
connectance,LogisticRegression,-0.48374260928698587,0
average_neighbor_degree_HL,LogisticRegression,-0.47919386082938686,0
V.ratio.HL,LogisticRegression,-0.47168176242272847,0
motif_4_norm,LogisticRegression,-0.44767323002353815,0
motif_12_norm,LogisticRegression,-0.4326514548161651,0
species.specificity.index_HL,LogisticRegression,-0.4251442185259766,0
latapy_clustering_LL,LogisticRegression,-0.34216993645163346,0
compartment diversity,LogisticRegression,-0.33115258671525877,0
motif_14_norm,LogisticRegression,-0.32629638454088533,0
number of compartments,LogisticRegression,-0.25087606476742835,0
motif_7,LogisticRegression,-0.23365095426221463,0
motif_15_norm,LogisticRegression,-0.23229912026171892,0
motif_10,LogisticRegression,-0.20718708515726003,0
d_LL,LogisticRegression,-0.20606700404622974,0
motif_14,LogisticRegression,-0.18304083366884405,0
degree_assortativity_coefficient,LogisticRegression,-0.17719293840358327,0
links per species,LogisticRegression,-0.1642392190119111,0
hits_authorities_LL,LogisticRegression,-0.1520237760052316,0
hits_authorities_HL,LogisticRegression,-0.14114130525842286,0
nestedrank_HL,LogisticRegression,-0.12084798643423511,0
community_Plant-Pollinator,LogisticRegression,-0.10542086508171873,0
average_neighbor_degree_LL,LogisticRegression,-0.10407452815394302,0
latapy_clustering_HL,LogisticRegression,-0.08918417589494804,0
hits_hubs_LL,LogisticRegression,-0.08738839787773173,0
robustness.LL,LogisticRegression,-0.08545245085236018,0
species_ratio,LogisticRegression,-0.06447683437956457,0
cent_close,LogisticRegression,-0.04547413730245246,0
community_Plant-Seed Dispersers,LogisticRegression,-0.022414679445095544,0
NODF,LogisticRegression,-0.008206533316765253,0
motif_6_norm,LogisticRegression,-0.007994988199128483,0
H2,LogisticRegression,0.0,0
community_Legislature,LogisticRegression,0.0,0
community_San Francisco,LogisticRegression,0.0,0
community_Washington,LogisticRegression,0.0,0
community_Minneapolis,LogisticRegression,0.0,0
isolate_HL,LogisticRegression,0.0,0
isolate_LL,LogisticRegression,0.0,0
local_efficiency,LogisticRegression,0.0,0
Spectral_bipartivity,LogisticRegression,0.0,0
community_Chicago,LogisticRegression,0.0,0
community_Basketball,LogisticRegression,0.0,0
community_Hockey,LogisticRegression,0.0,0
nestedrank_LL,LogisticRegression,0.005446664152403443,0
hits_hubs_HL,LogisticRegression,0.013334586607348379,0
d_HL,LogisticRegression,0.014211283141794115,0
motif_9_norm,LogisticRegression,0.023360204091147606,0
community_Host-Parasite,LogisticRegression,0.027830915653137986,0
community_Plant-Herbivore,LogisticRegression,0.032924657637501194,0
Fisher alpha,LogisticRegression,0.03757287665836514,0
nestedness,LogisticRegression,0.06888632777446697,0
cent_between,LogisticRegression,0.07724198818281948,0
cent_eigen,LogisticRegression,0.08834503923928788,0
motif_3,LogisticRegression,0.13800768769768434,0
web asymmetry,LogisticRegression,0.1397047846920983,0
betweenness_LL,LogisticRegression,0.15679388250632267,0
betweenness_HL,LogisticRegression,0.15694483462944592,0
motif_2,LogisticRegression,0.17172957145324966,0
V.ratio.LL,LogisticRegression,0.18898843492555328,0
motif_17_norm,LogisticRegression,0.2106194380023906,0
motif_16,LogisticRegression,0.2174221954580092,0
motif_7_norm,LogisticRegression,0.30616573258175434,0
bipartite_clustering,LogisticRegression,0.3163831950655858,0
niche.overlap.HL,LogisticRegression,0.3429572428369586,0
node_redundancy_HL,LogisticRegression,0.3535394793405021,0
niche.overlap.LL,LogisticRegression,0.35745605464053787,0
motif_2_norm,LogisticRegression,0.38524121444325016,0
node_redundancy_LL,LogisticRegression,0.40692914849832407,0
motif_12,LogisticRegression,0.45287820703537074,0
Shannon diversity,LogisticRegression,0.4637773955202242,0
motif_1,LogisticRegression,0.5060294443221122,0
average_clustering,LogisticRegression,0.5134101997924553,0
robustness.HL,LogisticRegression,0.5453670159120814,0
interactions_count,LogisticRegression,0.5656529856426066,0
motif_8_norm,LogisticRegression,0.5693712770762686,0
same_community_infomap,LogisticRegression,0.6199839889186413,0
motif_9,LogisticRegression,0.6595527247159199,0
motif_3_norm,LogisticRegression,0.6794232348135597,0
pagerank_LL,LogisticRegression,0.7416018797162182,0
network_size,LogisticRegression,0.7423674084381897,0
interaction evenness,LogisticRegression,0.7643781206990649,0
pagerank_HL,LogisticRegression,0.7697060084640118,0
motif_6,LogisticRegression,0.7926246688340118,0
motif_5_norm,LogisticRegression,0.8269482499819151,0
motif_5,LogisticRegression,0.8704783199146845,0
motif_11,LogisticRegression,0.9197480673337314,0
motif_15,LogisticRegression,1.0231479917513808,0
PDI_HL,LogisticRegression,1.1308915803521575,0
Fisher.alpha_LL,LogisticRegression,1.1504076773290917,0
friends_measure,LogisticRegression,1.315604307620912,0
Fisher.alpha_HL,LogisticRegression,1.331367395268086,0
node.specialisation.index.NSI_HL,LogisticRegression,1.6763962699723605,0
node.specialisation.index.NSI_LL,LogisticRegression,1.820716243336888,0
PDI_LL,LogisticRegression,2.119056056245425,0
species.strength_HL,LogisticRegression,2.363200640649012,0
betweenness_centrality_HL,LogisticRegression,2.4020613541814817,0
closeness_centrality_LL,LogisticRegression,2.9076395406117403,0
species.strength_LL,LogisticRegression,2.939418983754878,0
betweenness_centrality_LL,LogisticRegression,3.1103943291801692,0
closeness_centrality_HL,LogisticRegression,3.1175096125463537,0
degree_centrality_HL,LogisticRegression,3.1753780122305524,0
degree_centrality_LL,LogisticRegression,4.301024161330259,0
degree_LL,LogisticRegression,10.87623997942982,0
degree_HL,LogisticRegression,12.020154443577525,0
degree_centrality_HL,XGBClassifier,0.059504423290491104,0
degree_centrality_LL,XGBClassifier,0.05508260428905487,0
PDI_HL,XGBClassifier,0.048781272023916245,0
PDI_LL,XGBClassifier,0.047045812010765076,0
preferential_attachment,XGBClassifier,0.04643258452415466,0
nestedrank_LL,XGBClassifier,0.041283734142780304,0
Fisher.alpha_HL,XGBClassifier,0.03367907553911209,0
degree_LL,XGBClassifier,0.027341226115822792,0
species.specificity.index_LL,XGBClassifier,0.025550173595547676,0
degree_HL,XGBClassifier,0.025069771334528923,0
species.specificity.index_HL,XGBClassifier,0.023597953841090202,0
betweenness_centrality_HL,XGBClassifier,0.023255987092852592,0
nestedrank_HL,XGBClassifier,0.022907380014657974,0
friends_measure,XGBClassifier,0.022091524675488472,0
Fisher.alpha_LL,XGBClassifier,0.02124772220849991,0
betweenness_centrality_LL,XGBClassifier,0.02029896341264248,0
connected_components,XGBClassifier,0.01901407167315483,0
node.specialisation.index.NSI_HL,XGBClassifier,0.01719934120774269,0
pagerank_LL,XGBClassifier,0.016763292253017426,0
species.strength_HL,XGBClassifier,0.015512490645051003,0
closeness_centrality_LL,XGBClassifier,0.015477217733860016,0
betweenness_LL,XGBClassifier,0.01399281620979309,0
pagerank_HL,XGBClassifier,0.013292137533426285,0
node.specialisation.index.NSI_LL,XGBClassifier,0.012989540584385395,0
edge_connectivity,XGBClassifier,0.012707440182566643,0
betweenness_HL,XGBClassifier,0.012167799286544323,0
average_neighbor_degree_LL,XGBClassifier,0.011728022247552872,0
closeness_centrality_HL,XGBClassifier,0.010859392583370209,0
closeness_HL,XGBClassifier,0.009927568957209587,0
interaction.push.pull_HL,XGBClassifier,0.009882231242954731,0
closeness_LL,XGBClassifier,0.009418966248631477,0
average_neighbor_degree_HL,XGBClassifier,0.00885045900940895,0
species.strength_LL,XGBClassifier,0.008665541186928749,0
interaction.push.pull_LL,XGBClassifier,0.008402823470532894,0
node_redundancy_LL,XGBClassifier,0.008348222821950912,0
node_redundancy_HL,XGBClassifier,0.008312650956213474,0
latapy_clustering_HL,XGBClassifier,0.008157018572092056,0
Fisher alpha,XGBClassifier,0.007135684136301279,0
hits_hubs_LL,XGBClassifier,0.006943974178284407,0
hits_authorities_HL,XGBClassifier,0.006696708966046572,0
motif_14,XGBClassifier,0.0059976703487336636,0
niche.overlap.HL,XGBClassifier,0.005665536969900131,0
hits_hubs_HL,XGBClassifier,0.0055299187079072,0
d_LL,XGBClassifier,0.005329161882400513,0
d_HL,XGBClassifier,0.005041718948632479,0
motif_1_norm,XGBClassifier,0.004936809651553631,0
motif_1,XGBClassifier,0.004721724893897772,0
latapy_clustering_LL,XGBClassifier,0.004717179108411074,0
species_ratio,XGBClassifier,0.00409473804756999,0
robustness.LL,XGBClassifier,0.004036070313304663,0
motif_17_norm,XGBClassifier,0.003924314398318529,0
motif_8,XGBClassifier,0.0037557752802968025,0
same_community_infomap,XGBClassifier,0.003677727421745658,0
V.ratio.HL,XGBClassifier,0.003598808078095317,0
motif_11_norm,XGBClassifier,0.0035888138227164745,0
NODF,XGBClassifier,0.0035523702390491962,0
hits_authorities_LL,XGBClassifier,0.0034966622479259968,0
motif_17,XGBClassifier,0.0034661265090107918,0
connectance,XGBClassifier,0.0034500076435506344,0
generality.HL,XGBClassifier,0.003442176850512624,0
motif_10,XGBClassifier,0.0034168034326285124,0
motif_7,XGBClassifier,0.003330788342282176,0
motif_2,XGBClassifier,0.003139590146020055,0
motif_7_norm,XGBClassifier,0.003046222496777773,0
number of compartments,XGBClassifier,0.002906638663262129,0
motif_8_norm,XGBClassifier,0.0028235437348484993,0
interaction evenness,XGBClassifier,0.002793390303850174,0
cent_close,XGBClassifier,0.002786640776321292,0
motif_6_norm,XGBClassifier,0.0027682140935212374,0
vulnerability.LL,XGBClassifier,0.0027625991497188807,0
motif_11,XGBClassifier,0.0027077707927674055,0
compartment diversity,XGBClassifier,0.0027061705477535725,0
niche.overlap.LL,XGBClassifier,0.002681884216144681,0
interactions_count,XGBClassifier,0.002601842163130641,0
Shannon diversity,XGBClassifier,0.002589867450296879,0
motif_12,XGBClassifier,0.002562040463089943,0
motif_14_norm,XGBClassifier,0.002543751383200288,0
motif_2_norm,XGBClassifier,0.002536308253183961,0
motif_5_norm,XGBClassifier,0.0025014278944581747,0
motif_10_norm,XGBClassifier,0.0024695852771401405,0
motif_16,XGBClassifier,0.0023995854426175356,0
motif_15,XGBClassifier,0.0022715453524142504,0
motif_3_norm,XGBClassifier,0.002238230314105749,0
motif_5,XGBClassifier,0.002012198092415929,0
motif_13_norm,XGBClassifier,0.0019383005565032363,0
bipartite_clustering,XGBClassifier,0.0019265188602730632,0
motif_4_norm,XGBClassifier,0.0019047920359298587,0
motif_15_norm,XGBClassifier,0.0018431355711072683,0
global_efficiency,XGBClassifier,0.0018189899856224656,0
motif_16_norm,XGBClassifier,0.0016604026313871145,0
motif_13,XGBClassifier,0.0016402980545535684,0
web asymmetry,XGBClassifier,0.0016259726835414767,0
motif_12_norm,XGBClassifier,0.0016192252514883876,0
robustness.HL,XGBClassifier,0.0015695600304752588,0
links per species,XGBClassifier,0.0014074679929763079,0
average_clustering,XGBClassifier,0.001379405497573316,0
motif_6,XGBClassifier,0.0013746790355071425,0
motif_4,XGBClassifier,0.0013509028358384967,0
motif_3,XGBClassifier,0.0013414621353149414,0
motif_9,XGBClassifier,0.0013046537060290575,0
cent_eigen,XGBClassifier,0.0012420217972248793,0
motif_9_norm,XGBClassifier,0.0012301949318498373,0
degree_assortativity_coefficient,XGBClassifier,0.0011782273650169373,0
V.ratio.LL,XGBClassifier,0.0011210473021492362,0
nestedness,XGBClassifier,0.00097269332036376,0
cent_between,XGBClassifier,0.0007013513240963221,0
network_size,XGBClassifier,0.0006655458128079772,0
community_Plant-Seed Dispersers,XGBClassifier,0.0004436589952092618,0
community_Plant-Pollinator,XGBClassifier,0.00034826609771698713,0
community_Host-Parasite,XGBClassifier,0.0001556114002596587,0
H2,XGBClassifier,0.0,0
isolate_HL,XGBClassifier,0.0,0
isolate_LL,XGBClassifier,0.0,0
local_efficiency,XGBClassifier,0.0,0
Spectral_bipartivity,XGBClassifier,0.0,0
community_Minneapolis,XGBClassifier,0.0,0
community_Chicago,XGBClassifier,0.0,0
community_Washington,XGBClassifier,0.0,0
community_San Francisco,XGBClassifier,0.0,0
community_Legislature,XGBClassifier,0.0,0
community_Plant-Herbivore,XGBClassifier,0.0,0
community_Basketball,XGBClassifier,0.0,0
community_Hockey,XGBClassifier,0.0,0
degree_centrality_LL,RandomForestClassifier,0.06597872187622057,1
degree_centrality_HL,RandomForestClassifier,0.06548088293649278,1
PDI_HL,RandomForestClassifier,0.05847328549582093,1
preferential_attachment,RandomForestClassifier,0.05525921179524435,1
betweenness_centrality_LL,RandomForestClassifier,0.05263194465465498,1
PDI_LL,RandomForestClassifier,0.04625767587319555,1
pagerank_LL,RandomForestClassifier,0.04224992091677842,1
degree_HL,RandomForestClassifier,0.040523909623995026,1
species.strength_LL,RandomForestClassifier,0.03784148565787431,1
betweenness_centrality_HL,RandomForestClassifier,0.03775014890968661,1
species.specificity.index_HL,RandomForestClassifier,0.034740741195806425,1
species.specificity.index_LL,RandomForestClassifier,0.0327242793063315,1
nestedrank_LL,RandomForestClassifier,0.030293188238963438,1
nestedrank_HL,RandomForestClassifier,0.026692911391328907,1
species.strength_HL,RandomForestClassifier,0.025841817605361875,1
betweenness_LL,RandomForestClassifier,0.02265353432668619,1
degree_LL,RandomForestClassifier,0.022191904697514708,1
interaction.push.pull_HL,RandomForestClassifier,0.021076166068849173,1
friends_measure,RandomForestClassifier,0.02085345692560249,1
node.specialisation.index.NSI_HL,RandomForestClassifier,0.02056792092046123,1
pagerank_HL,RandomForestClassifier,0.020098152937621037,1
interaction.push.pull_LL,RandomForestClassifier,0.01983130530860415,1
betweenness_HL,RandomForestClassifier,0.019072317511938205,1
Fisher.alpha_LL,RandomForestClassifier,0.0177781341024736,1
node.specialisation.index.NSI_LL,RandomForestClassifier,0.01659009822264059,1
closeness_centrality_HL,RandomForestClassifier,0.014608586113519225,1
closeness_centrality_LL,RandomForestClassifier,0.011271288703962568,1
node_redundancy_LL,RandomForestClassifier,0.010829085094795623,1
node_redundancy_HL,RandomForestClassifier,0.008972409248228242,1
Fisher.alpha_HL,RandomForestClassifier,0.007583906184759918,1
average_neighbor_degree_LL,RandomForestClassifier,0.0064188618682671965,1
connectance,RandomForestClassifier,0.006308987364241335,1
d_LL,RandomForestClassifier,0.006068463966692149,1
closeness_LL,RandomForestClassifier,0.0054867076346237,1
d_HL,RandomForestClassifier,0.005264274141377088,1
average_neighbor_degree_HL,RandomForestClassifier,0.0042119707806623045,1
hits_hubs_HL,RandomForestClassifier,0.0038205799697372056,1
hits_hubs_LL,RandomForestClassifier,0.0031513346883350305,1
niche.overlap.LL,RandomForestClassifier,0.002767960258550974,1
motif_6_norm,RandomForestClassifier,0.0027324972887781697,1
hits_authorities_LL,RandomForestClassifier,0.002724195281768193,1
latapy_clustering_HL,RandomForestClassifier,0.002681150187342218,1
closeness_HL,RandomForestClassifier,0.0026039861316060173,1
hits_authorities_HL,RandomForestClassifier,0.002411368034806193,1
niche.overlap.HL,RandomForestClassifier,0.0021294673928371178,1
latapy_clustering_LL,RandomForestClassifier,0.0017632858311889797,1
motif_10_norm,RandomForestClassifier,0.0014944162739894491,1
NODF,RandomForestClassifier,0.0014196273814832637,1
global_efficiency,RandomForestClassifier,0.0012360987037413357,1
motif_15_norm,RandomForestClassifier,0.001052747449852242,1
motif_7,RandomForestClassifier,0.0009511963132952742,1
interaction evenness,RandomForestClassifier,0.0009168945098356696,1
motif_10,RandomForestClassifier,0.000910434430717089,1
motif_8,RandomForestClassifier,0.0008966611628463509,1
motif_9_norm,RandomForestClassifier,0.0008004372647602232,1
motif_14,RandomForestClassifier,0.0007823839688764777,1
interactions_count,RandomForestClassifier,0.0007819268754865136,1
motif_1,RandomForestClassifier,0.0007757347999112052,1
generality.HL,RandomForestClassifier,0.0007554900605518066,1
motif_16_norm,RandomForestClassifier,0.0007468976896978888,1
nestedness,RandomForestClassifier,0.0007462212397804033,1
motif_7_norm,RandomForestClassifier,0.0007296371394993187,1
species_ratio,RandomForestClassifier,0.0007213054383360564,1
motif_16,RandomForestClassifier,0.0007114979825006288,1
robustness.HL,RandomForestClassifier,0.0007101437921801713,1
motif_15,RandomForestClassifier,0.0007079019743947227,1
average_clustering,RandomForestClassifier,0.0006873858915504123,1
motif_4,RandomForestClassifier,0.0006777368174361918,1
motif_11_norm,RandomForestClassifier,0.0006449507832132374,1
motif_3,RandomForestClassifier,0.0006236122604549143,1
motif_12_norm,RandomForestClassifier,0.0006204792124131804,1
Shannon diversity,RandomForestClassifier,0.0006125247587617194,1
motif_5,RandomForestClassifier,0.0005950486737875885,1
V.ratio.LL,RandomForestClassifier,0.0005782352678817715,1
motif_6,RandomForestClassifier,0.0005672104059694231,1
same_community_infomap,RandomForestClassifier,0.0005503495285587087,1
motif_2,RandomForestClassifier,0.0005420655249062146,1
motif_17_norm,RandomForestClassifier,0.0005272417473034454,1
degree_assortativity_coefficient,RandomForestClassifier,0.0004957956212917904,1
bipartite_clustering,RandomForestClassifier,0.0004889277346804029,1
vulnerability.LL,RandomForestClassifier,0.0004757211530267692,1
robustness.LL,RandomForestClassifier,0.0004547161886656072,1
network_size,RandomForestClassifier,0.0004542532691197538,1
cent_eigen,RandomForestClassifier,0.0004474851298006041,1
motif_17,RandomForestClassifier,0.0004353501617830351,1
motif_1_norm,RandomForestClassifier,0.00043378588521158075,1
web asymmetry,RandomForestClassifier,0.00038410868818424763,1
Fisher alpha,RandomForestClassifier,0.00035743204177935334,1
motif_13,RandomForestClassifier,0.0003555290023175425,1
connected_components,RandomForestClassifier,0.000352297232268174,1
motif_4_norm,RandomForestClassifier,0.00028596075971027194,1
motif_12,RandomForestClassifier,0.0002725857427923514,1
motif_14_norm,RandomForestClassifier,0.000233664960476683,1
motif_8_norm,RandomForestClassifier,0.000218002884766313,1
motif_2_norm,RandomForestClassifier,0.00021709750001731154,1
motif_5_norm,RandomForestClassifier,0.00020770966135285712,1
motif_13_norm,RandomForestClassifier,0.00020465228409081887,1
motif_11,RandomForestClassifier,0.00019835416205735013,1
motif_9,RandomForestClassifier,0.00018889078005281256,1
V.ratio.HL,RandomForestClassifier,0.0001278012187353033,1
edge_connectivity,RandomForestClassifier,7.061113595604692e-05,1
cent_between,RandomForestClassifier,6.41305514962065e-05,1
cent_close,RandomForestClassifier,6.003506241098612e-05,1
motif_3_norm,RandomForestClassifier,5.3935609613904297e-05,1
links per species,RandomForestClassifier,5.3609497005653614e-05,1
community_Plant-Pollinator,RandomForestClassifier,4.802588031892822e-05,1
number of compartments,RandomForestClassifier,2.0638143200179482e-05,1
compartment diversity,RandomForestClassifier,9.140676176285823e-07,1
community_San Francisco,RandomForestClassifier,0.0,1
community_Host-Parasite,RandomForestClassifier,0.0,1
community_Legislature,RandomForestClassifier,0.0,1
community_Plant-Herbivore,RandomForestClassifier,0.0,1
community_Basketball,RandomForestClassifier,0.0,1
community_Washington,RandomForestClassifier,0.0,1
isolate_HL,RandomForestClassifier,0.0,1
community_Chicago,RandomForestClassifier,0.0,1
community_Plant-Seed Dispersers,RandomForestClassifier,0.0,1
community_Minneapolis,RandomForestClassifier,0.0,1
Spectral_bipartivity,RandomForestClassifier,0.0,1
local_efficiency,RandomForestClassifier,0.0,1
isolate_LL,RandomForestClassifier,0.0,1
H2,RandomForestClassifier,0.0,1
community_Hockey,RandomForestClassifier,0.0,1
preferential_attachment,LogisticRegression,-11.426635879556198,1
species.specificity.index_HL,LogisticRegression,-0.8590317779564276,1
species.specificity.index_LL,LogisticRegression,-0.7988041221119306,1
edge_connectivity,LogisticRegression,-0.7017458724591054,1
closeness_HL,LogisticRegression,-0.49690436449264325,1
interaction.push.pull_LL,LogisticRegression,-0.4789934194632248,1
global_efficiency,LogisticRegression,-0.42997777258597075,1
vulnerability.LL,LogisticRegression,-0.4231217167709705,1
motif_11_norm,LogisticRegression,-0.3909569451425004,1
connectance,LogisticRegression,-0.34078072567480255,1
motif_16_norm,LogisticRegression,-0.3078221441258734,1
nestedrank_HL,LogisticRegression,-0.30122186571187565,1
generality.HL,LogisticRegression,-0.2853638277198843,1
motif_13_norm,LogisticRegression,-0.26468371375234323,1
motif_12_norm,LogisticRegression,-0.2490586633346074,1
motif_15_norm,LogisticRegression,-0.23189171260802152,1
closeness_LL,LogisticRegression,-0.21869346478739962,1
interaction.push.pull_HL,LogisticRegression,-0.21140912630203876,1
V.ratio.HL,LogisticRegression,-0.21042605662056804,1
links per species,LogisticRegression,-0.2018628520650183,1
compartment diversity,LogisticRegression,-0.20005651702440966,1
nestedrank_LL,LogisticRegression,-0.19323918484240796,1
motif_17,LogisticRegression,-0.18292835268305419,1
motif_10_norm,LogisticRegression,-0.18194928781258443,1
number of compartments,LogisticRegression,-0.17597463158891902,1
NODF,LogisticRegression,-0.17190875225797606,1
friends_measure,LogisticRegression,-0.15806084875056914,1
motif_1_norm,LogisticRegression,-0.15552055821103042,1
motif_7,LogisticRegression,-0.15056651184692277,1
motif_4_norm,LogisticRegression,-0.12469543369063492,1
connected_components,LogisticRegression,-0.1244008704148136,1
motif_8,LogisticRegression,-0.11506135611605359,1
motif_6_norm,LogisticRegression,-0.10977213100593138,1
degree_assortativity_coefficient,LogisticRegression,-0.10370501711301133,1
motif_9_norm,LogisticRegression,-0.08925209111691179,1
nestedness,LogisticRegression,-0.08467387208310793,1
community_Plant-Pollinator,LogisticRegression,-0.061377964857826185,1
motif_2,LogisticRegression,-0.06128121310709796,1
hits_authorities_HL,LogisticRegression,-0.05634680632916605,1
robustness.HL,LogisticRegression,-0.04558829426706762,1
hits_authorities_LL,LogisticRegression,-0.044099653227304025,1
motif_17_norm,LogisticRegression,-0.03551576202823177,1
motif_2_norm,LogisticRegression,-0.03394099629020837,1
robustness.LL,LogisticRegression,-0.024354484026170346,1
cent_close,LogisticRegression,-0.02116913994554448,1
cent_between,LogisticRegression,-0.009619511210638485,1
species_ratio,LogisticRegression,-0.0072897377492020556,1
motif_3_norm,LogisticRegression,-0.004629329121353047,1
isolate_HL,LogisticRegression,0.0,1
community_Hockey,LogisticRegression,0.0,1
community_Legislature,LogisticRegression,0.0,1
isolate_LL,LogisticRegression,0.0,1
local_efficiency,LogisticRegression,0.0,1
Spectral_bipartivity,LogisticRegression,0.0,1
community_Minneapolis,LogisticRegression,0.0,1
community_Chicago,LogisticRegression,0.0,1
H2,LogisticRegression,0.0,1
community_Basketball,LogisticRegression,0.0,1
community_Washington,LogisticRegression,0.0,1
community_San Francisco,LogisticRegression,0.0,1
motif_4,LogisticRegression,0.002232695398616586,1
community_Plant-Herbivore,LogisticRegression,0.011121726561333667,1
community_Plant-Seed Dispersers,LogisticRegression,0.013159388833125767,1
motif_7_norm,LogisticRegression,0.015581309134307431,1
web asymmetry,LogisticRegression,0.01773405031052785,1
community_Host-Parasite,LogisticRegression,0.03231523223831878,1
motif_14_norm,LogisticRegression,0.05348821878704706,1
hits_hubs_LL,LogisticRegression,0.05598099785135036,1
Fisher alpha,LogisticRegression,0.056502236907948464,1
motif_8_norm,LogisticRegression,0.0702654244392433,1
niche.overlap.HL,LogisticRegression,0.07095977742955092,1
motif_14,LogisticRegression,0.07654535757375891,1
niche.overlap.LL,LogisticRegression,0.0781396934276215,1
V.ratio.LL,LogisticRegression,0.0801021464993138,1
motif_13,LogisticRegression,0.08340451036385621,1
latapy_clustering_LL,LogisticRegression,0.08805255188129338,1
hits_hubs_HL,LogisticRegression,0.13461664629100156,1
average_neighbor_degree_LL,LogisticRegression,0.13876863219219382,1
average_neighbor_degree_HL,LogisticRegression,0.1458936026758708,1
d_LL,LogisticRegression,0.15004300247332555,1
latapy_clustering_HL,LogisticRegression,0.15986679594390077,1
PDI_HL,LogisticRegression,0.16545858400449334,1
cent_eigen,LogisticRegression,0.17044302163140312,1
motif_9,LogisticRegression,0.17121489022891967,1
PDI_LL,LogisticRegression,0.17190400979683723,1
motif_3,LogisticRegression,0.17585055722055945,1
motif_10,LogisticRegression,0.1825974998980995,1
d_HL,LogisticRegression,0.23306356560541758,1
motif_15,LogisticRegression,0.23572258036318727,1
motif_16,LogisticRegression,0.23994806192964355,1
betweenness_HL,LogisticRegression,0.24114781539425167,1
average_clustering,LogisticRegression,0.2736196465754986,1
bipartite_clustering,LogisticRegression,0.2873774411963715,1
motif_1,LogisticRegression,0.2975921307527166,1
motif_5,LogisticRegression,0.30367438618560544,1
betweenness_LL,LogisticRegression,0.30975945826553763,1
interactions_count,LogisticRegression,0.31865161531734776,1
motif_11,LogisticRegression,0.3345212816287084,1
Shannon diversity,LogisticRegression,0.36736972277965463,1
interaction evenness,LogisticRegression,0.3707268978017965,1
motif_5_norm,LogisticRegression,0.410225323539145,1
motif_12,LogisticRegression,0.4104067312490258,1
motif_6,LogisticRegression,0.4439535664197582,1
node_redundancy_HL,LogisticRegression,0.4511236414423209,1
node_redundancy_LL,LogisticRegression,0.5250094919825403,1
same_community_infomap,LogisticRegression,0.5806087550922417,1
network_size,LogisticRegression,0.8079243058545542,1
node.specialisation.index.NSI_HL,LogisticRegression,0.8989191222877809,1
node.specialisation.index.NSI_LL,LogisticRegression,0.9532257736482808,1
betweenness_centrality_HL,LogisticRegression,1.1908961522460362,1
pagerank_HL,LogisticRegression,1.2954930625587742,1
Fisher.alpha_LL,LogisticRegression,1.3161651831003744,1
pagerank_LL,LogisticRegression,1.3345766359641984,1
betweenness_centrality_LL,LogisticRegression,1.4681884643917624,1
Fisher.alpha_HL,LogisticRegression,1.5530638421491123,1
closeness_centrality_LL,LogisticRegression,1.8662348412672798,1
closeness_centrality_HL,LogisticRegression,1.9614043104269423,1
species.strength_HL,LogisticRegression,2.2868921171073673,1
degree_centrality_HL,LogisticRegression,2.382429721279827,1
species.strength_LL,LogisticRegression,2.4914149402297583,1
degree_centrality_LL,LogisticRegression,2.556925951520349,1
degree_LL,LogisticRegression,3.7391790910875295,1
degree_HL,LogisticRegression,3.8475024157010016,1
preferential_attachment,XGBClassifier,0.06249888986349106,1
PDI_HL,XGBClassifier,0.05466678366065025,1
species.specificity.index_HL,XGBClassifier,0.044990722090005875,1
interaction.push.pull_LL,XGBClassifier,0.042004864662885666,1
degree_centrality_LL,XGBClassifier,0.036561738699674606,1
degree_centrality_HL,XGBClassifier,0.03642984852194786,1
PDI_LL,XGBClassifier,0.0354851558804512,1
latapy_clustering_LL,XGBClassifier,0.035484764724969864,1
betweenness_centrality_HL,XGBClassifier,0.03153007850050926,1
nestedrank_LL,XGBClassifier,0.030546195805072784,1
closeness_centrality_HL,XGBClassifier,0.02707628905773163,1
pagerank_LL,XGBClassifier,0.024590956047177315,1
Fisher.alpha_LL,XGBClassifier,0.023790230974555016,1
betweenness_HL,XGBClassifier,0.023726817220449448,1
closeness_LL,XGBClassifier,0.022464456036686897,1
species.specificity.index_LL,XGBClassifier,0.021973054856061935,1
degree_LL,XGBClassifier,0.021483944728970528,1
degree_HL,XGBClassifier,0.020952174440026283,1
pagerank_HL,XGBClassifier,0.02094624936580658,1
friends_measure,XGBClassifier,0.0206960067152977,1
species.strength_LL,XGBClassifier,0.020582227036356926,1
Fisher.alpha_HL,XGBClassifier,0.018974652513861656,1
closeness_centrality_LL,XGBClassifier,0.01864042691886425,1
interaction.push.pull_HL,XGBClassifier,0.017181504517793655,1
node.specialisation.index.NSI_LL,XGBClassifier,0.016637973487377167,1
betweenness_centrality_LL,XGBClassifier,0.015341990627348423,1
species.strength_HL,XGBClassifier,0.014961935579776764,1
nestedrank_HL,XGBClassifier,0.01463437918573618,1
average_neighbor_degree_LL,XGBClassifier,0.014168324880301952,1
node.specialisation.index.NSI_HL,XGBClassifier,0.01391962356865406,1
latapy_clustering_HL,XGBClassifier,0.012948889285326004,1
betweenness_LL,XGBClassifier,0.012918285094201565,1
connectance,XGBClassifier,0.012216217815876007,1
hits_hubs_LL,XGBClassifier,0.012208483181893826,1
hits_authorities_HL,XGBClassifier,0.01195621769875288,1
node_redundancy_HL,XGBClassifier,0.009501435793936253,1
motif_13,XGBClassifier,0.008699290454387665,1
d_LL,XGBClassifier,0.008071153424680233,1
motif_3,XGBClassifier,0.00776625843718648,1
node_redundancy_LL,XGBClassifier,0.0067003811709582806,1
niche.overlap.HL,XGBClassifier,0.0066688330844044685,1
degree_assortativity_coefficient,XGBClassifier,0.005923351738601923,1
motif_7,XGBClassifier,0.005855110939592123,1
vulnerability.LL,XGBClassifier,0.005824112333357334,1
motif_14,XGBClassifier,0.005820576101541519,1
motif_9,XGBClassifier,0.005096818786114454,1
average_neighbor_degree_HL,XGBClassifier,0.004101683851331472,1
hits_hubs_HL,XGBClassifier,0.003992547746747732,1
hits_authorities_LL,XGBClassifier,0.003978191874921322,1
closeness_HL,XGBClassifier,0.0038971698377281427,1
same_community_infomap,XGBClassifier,0.0038604200817644596,1
niche.overlap.LL,XGBClassifier,0.0037228530272841454,1
motif_2,XGBClassifier,0.0035412951838225126,1
bipartite_clustering,XGBClassifier,0.0034846109338104725,1
motif_17,XGBClassifier,0.0030251590069383383,1
generality.HL,XGBClassifier,0.002817683620378375,1
motif_11,XGBClassifier,0.002726224949583411,1
global_efficiency,XGBClassifier,0.0023342054337263107,1
motif_17_norm,XGBClassifier,0.0022924873046576977,1
d_HL,XGBClassifier,0.0018944736802950501,1
motif_13_norm,XGBClassifier,0.0014621821464970708,1
NODF,XGBClassifier,0.0013318652054294944,1
web asymmetry,XGBClassifier,0.00115380494389683,1
motif_3_norm,XGBClassifier,0.0011015490163117647,1
Shannon diversity,XGBClassifier,0.0010623158887028694,1
motif_10_norm,XGBClassifier,0.0009755087667144835,1
cent_close,XGBClassifier,0.0009096601279452443,1
motif_9_norm,XGBClassifier,0.0009094718261621892,1
motif_1,XGBClassifier,0.0008740524644963443,1
nestedness,XGBClassifier,0.0006313418853096664,1
motif_15_norm,XGBClassifier,0.0005131599027663469,1
motif_1_norm,XGBClassifier,0.000505489413626492,1
motif_4,XGBClassifier,0.0004555376071948558,1
motif_11_norm,XGBClassifier,0.0003785895532928407,1
species_ratio,XGBClassifier,0.00035401235800236464,1
robustness.LL,XGBClassifier,0.0002856332575902343,1
motif_4_norm,XGBClassifier,0.00015622972568962723,1
links per species,XGBClassifier,0.0001529104047222063,1
community_Host-Parasite,XGBClassifier,0.0,1
community_Basketball,XGBClassifier,0.0,1
cent_eigen,XGBClassifier,0.0,1
community_Plant-Herbivore,XGBClassifier,0.0,1
community_Legislature,XGBClassifier,0.0,1
community_San Francisco,XGBClassifier,0.0,1
community_Washington,XGBClassifier,0.0,1
community_Chicago,XGBClassifier,0.0,1
community_Plant-Seed Dispersers,XGBClassifier,0.0,1
community_Minneapolis,XGBClassifier,0.0,1
cent_between,XGBClassifier,0.0,1
community_Plant-Pollinator,XGBClassifier,0.0,1
network_size,XGBClassifier,0.0,1
motif_16_norm,XGBClassifier,0.0,1
motif_14_norm,XGBClassifier,0.0,1
interactions_count,XGBClassifier,0.0,1
edge_connectivity,XGBClassifier,0.0,1
Spectral_bipartivity,XGBClassifier,0.0,1
average_clustering,XGBClassifier,0.0,1
local_efficiency,XGBClassifier,0.0,1
connected_components,XGBClassifier,0.0,1
isolate_LL,XGBClassifier,0.0,1
isolate_HL,XGBClassifier,0.0,1
number of compartments,XGBClassifier,0.0,1
compartment diversity,XGBClassifier,0.0,1
Fisher alpha,XGBClassifier,0.0,1
interaction evenness,XGBClassifier,0.0,1
H2,XGBClassifier,0.0,1
V.ratio.HL,XGBClassifier,0.0,1
V.ratio.LL,XGBClassifier,0.0,1
robustness.HL,XGBClassifier,0.0,1
motif_5,XGBClassifier,0.0,1
motif_6,XGBClassifier,0.0,1
motif_8,XGBClassifier,0.0,1
motif_10,XGBClassifier,0.0,1
motif_12,XGBClassifier,0.0,1
motif_15,XGBClassifier,0.0,1
motif_16,XGBClassifier,0.0,1
motif_2_norm,XGBClassifier,0.0,1
motif_5_norm,XGBClassifier,0.0,1
motif_6_norm,XGBClassifier,0.0,1
motif_7_norm,XGBClassifier,0.0,1
motif_8_norm,XGBClassifier,0.0,1
motif_12_norm,XGBClassifier,0.0,1
community_Hockey,XGBClassifier,0.0,1
preferential_attachment,RandomForestClassifier,0.09646425061039807,2
degree_centrality_LL,RandomForestClassifier,0.06629870199510492,2
degree_centrality_HL,RandomForestClassifier,0.06098144017412792,2
betweenness_centrality_HL,RandomForestClassifier,0.05712078788042683,2
Fisher.alpha_HL,RandomForestClassifier,0.041444152521547886,2
nestedrank_LL,RandomForestClassifier,0.03685954762694238,2
pagerank_LL,RandomForestClassifier,0.03576681560972121,2
betweenness_centrality_LL,RandomForestClassifier,0.03448342565077027,2
degree_LL,RandomForestClassifier,0.03319751724839894,2
friends_measure,RandomForestClassifier,0.0323311528999975,2
Fisher.alpha_LL,RandomForestClassifier,0.03162099967482586,2
nestedrank_HL,RandomForestClassifier,0.031119354889183225,2
PDI_HL,RandomForestClassifier,0.027780315931782047,2
species.specificity.index_HL,RandomForestClassifier,0.02729926314074606,2
PDI_LL,RandomForestClassifier,0.027138409934742185,2
degree_HL,RandomForestClassifier,0.02484977384762038,2
species.specificity.index_LL,RandomForestClassifier,0.024832938419774707,2
interaction.push.pull_LL,RandomForestClassifier,0.02473892728745931,2
pagerank_HL,RandomForestClassifier,0.023796389787976262,2
species.strength_HL,RandomForestClassifier,0.022709422690342658,2
closeness_centrality_HL,RandomForestClassifier,0.018327183015414014,2
interaction.push.pull_HL,RandomForestClassifier,0.015184147417080235,2
betweenness_LL,RandomForestClassifier,0.014883726021070845,2
node.specialisation.index.NSI_LL,RandomForestClassifier,0.01471647213005801,2
closeness_centrality_LL,RandomForestClassifier,0.014556652521246449,2
species.strength_LL,RandomForestClassifier,0.014415883807340771,2
d_HL,RandomForestClassifier,0.013126744126307151,2
node_redundancy_HL,RandomForestClassifier,0.012851587343807935,2
d_LL,RandomForestClassifier,0.008530588932057801,2
node_redundancy_LL,RandomForestClassifier,0.008453822407821375,2
average_neighbor_degree_HL,RandomForestClassifier,0.006870072013474072,2
betweenness_HL,RandomForestClassifier,0.006549641535016771,2
closeness_HL,RandomForestClassifier,0.0056083687380376335,2
hits_hubs_LL,RandomForestClassifier,0.005460759209980499,2
average_neighbor_degree_LL,RandomForestClassifier,0.005189905400322154,2
latapy_clustering_HL,RandomForestClassifier,0.004664913529265707,2
node.specialisation.index.NSI_HL,RandomForestClassifier,0.00441283235066556,2
same_community_infomap,RandomForestClassifier,0.004275726215280408,2
NODF,RandomForestClassifier,0.003482330035586398,2
hits_hubs_HL,RandomForestClassifier,0.0033030732120264404,2
motif_14,RandomForestClassifier,0.003051738989458995,2
connectance,RandomForestClassifier,0.0030279093499130895,2
closeness_LL,RandomForestClassifier,0.0026218857925631427,2
latapy_clustering_LL,RandomForestClassifier,0.0025121207833228576,2
web asymmetry,RandomForestClassifier,0.002197770680978928,2
motif_5,RandomForestClassifier,0.001694663102912998,2
network_size,RandomForestClassifier,0.0016019358835668595,2
robustness.LL,RandomForestClassifier,0.0015579933343990936,2
motif_13,RandomForestClassifier,0.0015079051977838318,2
motif_2,RandomForestClassifier,0.0014478598657129901,2
motif_8_norm,RandomForestClassifier,0.0014320664441397797,2
hits_authorities_LL,RandomForestClassifier,0.0013823228898364184,2
interactions_count,RandomForestClassifier,0.001342665588738847,2
connected_components,RandomForestClassifier,0.0013314396985791414,2
motif_7_norm,RandomForestClassifier,0.0012250099644316535,2
motif_11_norm,RandomForestClassifier,0.0011545252445609648,2
motif_3_norm,RandomForestClassifier,0.0011338880879379044,2
generality.HL,RandomForestClassifier,0.0011304038782649181,2
motif_9_norm,RandomForestClassifier,0.0011154871252240348,2
motif_17,RandomForestClassifier,0.0011138161056037468,2
hits_authorities_HL,RandomForestClassifier,0.0010925013761282393,2
motif_10_norm,RandomForestClassifier,0.0009313548155983698,2
motif_10,RandomForestClassifier,0.0009283742242826,2
motif_4,RandomForestClassifier,0.0009249097432374006,2
motif_2_norm,RandomForestClassifier,0.0008257173248328292,2
species_ratio,RandomForestClassifier,0.000747983254133786,2
cent_eigen,RandomForestClassifier,0.0007267943704963568,2
motif_16,RandomForestClassifier,0.0007117249840870689,2
Fisher alpha,RandomForestClassifier,0.0006880701197724894,2
interaction evenness,RandomForestClassifier,0.0006407493848507031,2
motif_1,RandomForestClassifier,0.0006370535095171304,2
motif_14_norm,RandomForestClassifier,0.0006065612435410852,2
niche.overlap.HL,RandomForestClassifier,0.000602518168471113,2
motif_9,RandomForestClassifier,0.0005898393728813887,2
motif_5_norm,RandomForestClassifier,0.0005560570190855591,2
motif_16_norm,RandomForestClassifier,0.000555195784004115,2
motif_7,RandomForestClassifier,0.0005461786761166953,2
cent_between,RandomForestClassifier,0.0005240465679719395,2
bipartite_clustering,RandomForestClassifier,0.0005229042010259175,2
motif_4_norm,RandomForestClassifier,0.0005187235386923059,2
global_efficiency,RandomForestClassifier,0.0004886423919911846,2
motif_17_norm,RandomForestClassifier,0.0004845565920032034,2
motif_3,RandomForestClassifier,0.00047592830173241843,2
motif_6,RandomForestClassifier,0.0004273271971933656,2
motif_8,RandomForestClassifier,0.000420788322283124,2
motif_1_norm,RandomForestClassifier,0.0004184840886925295,2
motif_15,RandomForestClassifier,0.00039506822250554756,2
robustness.HL,RandomForestClassifier,0.0003502329681071728,2
motif_12,RandomForestClassifier,0.00030923201052398543,2
motif_15_norm,RandomForestClassifier,0.0002880609859225763,2
motif_12_norm,RandomForestClassifier,0.0002656171973552811,2
Shannon diversity,RandomForestClassifier,0.00025941198526490815,2
edge_connectivity,RandomForestClassifier,0.00024326948299300074,2
vulnerability.LL,RandomForestClassifier,0.00022289807505084,2
niche.overlap.LL,RandomForestClassifier,0.00021555518803819743,2
motif_6_norm,RandomForestClassifier,0.0002091517753687276,2
motif_13_norm,RandomForestClassifier,0.0002071201145177509,2
links per species,RandomForestClassifier,0.00018100992917692885,2
V.ratio.LL,RandomForestClassifier,0.00016662175387974524,2
motif_11,RandomForestClassifier,0.00016025249845080875,2
average_clustering,RandomForestClassifier,0.00013267114462197784,2
community_Plant-Pollinator,RandomForestClassifier,0.00013259371193468958,2
V.ratio.HL,RandomForestClassifier,0.00013101820643400438,2
compartment diversity,RandomForestClassifier,0.00011629728255846294,2
cent_close,RandomForestClassifier,6.833554546970994e-05,2
nestedness,RandomForestClassifier,3.6521678766013534e-05,2
degree_assortativity_coefficient,RandomForestClassifier,3.46498787577198e-05,2
H2,RandomForestClassifier,0.0,2
community_Basketball,RandomForestClassifier,0.0,2
community_Host-Parasite,RandomForestClassifier,0.0,2
community_Plant-Herbivore,RandomForestClassifier,0.0,2
community_Legislature,RandomForestClassifier,0.0,2
community_San Francisco,RandomForestClassifier,0.0,2
community_Washington,RandomForestClassifier,0.0,2
community_Chicago,RandomForestClassifier,0.0,2
community_Plant-Seed Dispersers,RandomForestClassifier,0.0,2
community_Minneapolis,RandomForestClassifier,0.0,2
isolate_HL,RandomForestClassifier,0.0,2
number of compartments,RandomForestClassifier,0.0,2
isolate_LL,RandomForestClassifier,0.0,2
local_efficiency,RandomForestClassifier,0.0,2
Spectral_bipartivity,RandomForestClassifier,0.0,2
community_Hockey,RandomForestClassifier,0.0,2
preferential_attachment,LogisticRegression,-4.003934125887453,2
friends_measure,LogisticRegression,-1.1790881203945434,2
species.specificity.index_LL,LogisticRegression,-0.5086743591354932,2
nestedrank_HL,LogisticRegression,-0.4921594528133629,2
species.specificity.index_HL,LogisticRegression,-0.46714549514455794,2
nestedrank_LL,LogisticRegression,-0.4584423282188335,2
PDI_LL,LogisticRegression,-0.44781557301474817,2
PDI_HL,LogisticRegression,-0.3883061673793693,2
edge_connectivity,LogisticRegression,-0.21161538893347057,2
global_efficiency,LogisticRegression,-0.11427631710400439,2
motif_11_norm,LogisticRegression,-0.11049354385264114,2
motif_13_norm,LogisticRegression,-0.09146310431599743,2
motif_1_norm,LogisticRegression,-0.08406375951785675,2
connectance,LogisticRegression,-0.08396028838033427,2
motif_16_norm,LogisticRegression,-0.07896705181504332,2
motif_2_norm,LogisticRegression,-0.07058181519996545,2
motif_6_norm,LogisticRegression,-0.06993735054967787,2
motif_3_norm,LogisticRegression,-0.069245807826577,2
motif_9_norm,LogisticRegression,-0.06701618576635915,2
motif_12_norm,LogisticRegression,-0.06001147295767934,2
compartment diversity,LogisticRegression,-0.054148415073318454,2
motif_4_norm,LogisticRegression,-0.05189973322659544,2
number of compartments,LogisticRegression,-0.04716410304811323,2
NODF,LogisticRegression,-0.04683981438514211,2
motif_15_norm,LogisticRegression,-0.04328982616916435,2
degree_assortativity_coefficient,LogisticRegression,-0.0427571865017027,2
V.ratio.LL,LogisticRegression,-0.0421093866478915,2
V.ratio.HL,LogisticRegression,-0.04068138755752696,2
motif_7_norm,LogisticRegression,-0.038466022721168114,2
vulnerability.LL,LogisticRegression,-0.03843250732171797,2
nestedness,LogisticRegression,-0.03802973860009451,2
motif_10_norm,LogisticRegression,-0.035008824838057,2
niche.overlap.LL,LogisticRegression,-0.029838368918141404,2
community_Plant-Pollinator,LogisticRegression,-0.027307256622786578,2
links per species,LogisticRegression,-0.02614835215078697,2
cent_close,LogisticRegression,-0.021657943653057274,2
motif_17,LogisticRegression,-0.017931966501368298,2
motif_8_norm,LogisticRegression,-0.016629648837375725,2
motif_17_norm,LogisticRegression,-0.015102175718664925,2
robustness.HL,LogisticRegression,-0.011543373663028314,2
web asymmetry,LogisticRegression,-0.007855729931476707,2
species_ratio,LogisticRegression,-0.006140732979757332,2
motif_14_norm,LogisticRegression,-0.0055903720182429815,2
community_Plant-Herbivore,LogisticRegression,-0.004742537660469295,2
generality.HL,LogisticRegression,-0.004394312085511808,2
average_neighbor_degree_LL,LogisticRegression,-0.0035335981742272613,2
community_Basketball,LogisticRegression,0.0,2
Spectral_bipartivity,LogisticRegression,0.0,2
community_San Francisco,LogisticRegression,0.0,2
community_Legislature,LogisticRegression,0.0,2
H2,LogisticRegression,0.0,2
community_Minneapolis,LogisticRegression,0.0,2
community_Chicago,LogisticRegression,0.0,2
local_efficiency,LogisticRegression,0.0,2
community_Washington,LogisticRegression,0.0,2
isolate_HL,LogisticRegression,0.0,2
isolate_LL,LogisticRegression,0.0,2
community_Hockey,LogisticRegression,0.0,2
motif_5_norm,LogisticRegression,0.00418919126052651,2
motif_7,LogisticRegression,0.0054119480688106635,2
motif_8,LogisticRegression,0.005770522945240767,2
robustness.LL,LogisticRegression,0.00694473298922512,2
community_Host-Parasite,LogisticRegression,0.008117497651523213,2
niche.overlap.HL,LogisticRegression,0.012803768336091767,2
community_Plant-Seed Dispersers,LogisticRegression,0.023915407344673522,2
motif_4,LogisticRegression,0.03064006534130124,2
interaction evenness,LogisticRegression,0.03398132554463696,2
motif_2,LogisticRegression,0.041911274726311246,2
bipartite_clustering,LogisticRegression,0.05287253537765117,2
cent_between,LogisticRegression,0.05405496529485213,2
Fisher alpha,LogisticRegression,0.05744518430762897,2
average_neighbor_degree_HL,LogisticRegression,0.060117690937184484,2
motif_13,LogisticRegression,0.06647797079594167,2
cent_eigen,LogisticRegression,0.06679564429055215,2
motif_16,LogisticRegression,0.07776505205335853,2
motif_3,LogisticRegression,0.07925970930776867,2
motif_15,LogisticRegression,0.08628113235275146,2
motif_9,LogisticRegression,0.0891912539159394,2
node.specialisation.index.NSI_LL,LogisticRegression,0.09387249002109196,2
motif_14,LogisticRegression,0.09833091046537884,2
motif_10,LogisticRegression,0.09841138659100311,2
average_clustering,LogisticRegression,0.09858250284532846,2
motif_11,LogisticRegression,0.10864046785807928,2
motif_5,LogisticRegression,0.11095077966409447,2
connected_components,LogisticRegression,0.1116860421361146,2
motif_1,LogisticRegression,0.11536850892231297,2
interactions_count,LogisticRegression,0.11585760024886084,2
Shannon diversity,LogisticRegression,0.11606364141003324,2
closeness_HL,LogisticRegression,0.11690472792816117,2
motif_6,LogisticRegression,0.12843742693341786,2
motif_12,LogisticRegression,0.12882811670808192,2
latapy_clustering_LL,LogisticRegression,0.14215576371577107,2
hits_authorities_HL,LogisticRegression,0.15241006063146442,2
node.specialisation.index.NSI_HL,LogisticRegression,0.15273973392901954,2
closeness_LL,LogisticRegression,0.15732016330902387,2
hits_authorities_LL,LogisticRegression,0.15874133508197857,2
hits_hubs_LL,LogisticRegression,0.16097166494009543,2
latapy_clustering_HL,LogisticRegression,0.1734173375685024,2
node_redundancy_HL,LogisticRegression,0.17740397926966295,2
network_size,LogisticRegression,0.18053196794514245,2
node_redundancy_LL,LogisticRegression,0.18478560057409782,2
hits_hubs_HL,LogisticRegression,0.19907598217493935,2
betweenness_HL,LogisticRegression,0.24203709950883226,2
betweenness_LL,LogisticRegression,0.2555433082665067,2
d_LL,LogisticRegression,0.2879074424081679,2
interaction.push.pull_LL,LogisticRegression,0.34826824351933316,2
d_HL,LogisticRegression,0.3555263616246819,2
interaction.push.pull_HL,LogisticRegression,0.36350015809795605,2
same_community_infomap,LogisticRegression,0.5471859585308424,2
betweenness_centrality_HL,LogisticRegression,0.6760385551175238,2
betweenness_centrality_LL,LogisticRegression,0.6793799336400674,2
closeness_centrality_LL,LogisticRegression,0.7948408255585714,2
closeness_centrality_HL,LogisticRegression,0.8353574715934516,2
Fisher.alpha_LL,LogisticRegression,0.8381381517907804,2
pagerank_HL,LogisticRegression,0.8439549956344,2
pagerank_LL,LogisticRegression,0.8579445773652086,2
Fisher.alpha_HL,LogisticRegression,0.9292800868032771,2
species.strength_HL,LogisticRegression,0.9918550654225637,2
species.strength_LL,LogisticRegression,1.0012843243317215,2
degree_LL,LogisticRegression,1.1093394324708008,2
degree_HL,LogisticRegression,1.1477803161333149,2
degree_centrality_LL,LogisticRegression,1.1765496903273276,2
degree_centrality_HL,LogisticRegression,1.2278149007879064,2
PDI_HL,XGBClassifier,0.1034228652715683,2
preferential_attachment,XGBClassifier,0.1007956862449646,2
species.specificity.index_HL,XGBClassifier,0.06616831570863724,2
PDI_LL,XGBClassifier,0.054269421845674515,2
friends_measure,XGBClassifier,0.050019461661577225,2
Fisher.alpha_LL,XGBClassifier,0.04610005021095276,2
nestedrank_LL,XGBClassifier,0.03766852244734764,2
betweenness_centrality_HL,XGBClassifier,0.03595643863081932,2
node.specialisation.index.NSI_HL,XGBClassifier,0.034606654196977615,2
degree_centrality_HL,XGBClassifier,0.03043222613632679,2
node_redundancy_LL,XGBClassifier,0.02409987896680832,2
average_neighbor_degree_LL,XGBClassifier,0.02002282813191414,2
degree_centrality_LL,XGBClassifier,0.019481472671031952,2
degree_HL,XGBClassifier,0.019075695425271988,2
betweenness_centrality_LL,XGBClassifier,0.018871234729886055,2
interaction.push.pull_HL,XGBClassifier,0.01809948869049549,2
node_redundancy_HL,XGBClassifier,0.015013707801699638,2
interaction.push.pull_LL,XGBClassifier,0.013884306885302067,2
hits_hubs_LL,XGBClassifier,0.013466045260429382,2
hits_authorities_HL,XGBClassifier,0.012802273035049438,2
degree_LL,XGBClassifier,0.01238702517002821,2
node.specialisation.index.NSI_LL,XGBClassifier,0.012295999564230442,2
generality.HL,XGBClassifier,0.011860598810017109,2
species.strength_HL,XGBClassifier,0.011743465438485146,2
betweenness_HL,XGBClassifier,0.010329450480639935,2
d_HL,XGBClassifier,0.00943845883011818,2
betweenness_LL,XGBClassifier,0.008954358287155628,2
motif_16,XGBClassifier,0.008152912370860577,2
vulnerability.LL,XGBClassifier,0.007946034893393517,2
motif_8_norm,XGBClassifier,0.007337510585784912,2
latapy_clustering_HL,XGBClassifier,0.006606916896998882,2
motif_12,XGBClassifier,0.006411828566342592,2
d_LL,XGBClassifier,0.006313092540949583,2
edge_connectivity,XGBClassifier,0.00609926600009203,2
species.specificity.index_LL,XGBClassifier,0.005944018717855215,2
same_community_infomap,XGBClassifier,0.005854446440935135,2
Fisher.alpha_HL,XGBClassifier,0.005647309124469757,2
motif_15,XGBClassifier,0.0056128595024347305,2
species.strength_LL,XGBClassifier,0.005612645763903856,2
connectance,XGBClassifier,0.004813093692064285,2
pagerank_LL,XGBClassifier,0.004496757872402668,2
motif_14,XGBClassifier,0.004232396371662617,2
closeness_centrality_LL,XGBClassifier,0.004184253513813019,2
links per species,XGBClassifier,0.004062708467245102,2
interaction evenness,XGBClassifier,0.0040575554594397545,2
latapy_clustering_LL,XGBClassifier,0.003555918112397194,2
motif_17,XGBClassifier,0.0034481887705624104,2
motif_1,XGBClassifier,0.0034234335180372,2
motif_5,XGBClassifier,0.0032433581072837114,2
closeness_LL,XGBClassifier,0.003225394757464528,2
pagerank_HL,XGBClassifier,0.003140104003250599,2
average_neighbor_degree_HL,XGBClassifier,0.0029641049914062023,2
V.ratio.HL,XGBClassifier,0.002932984381914139,2
nestedrank_HL,XGBClassifier,0.002831936813890934,2
connected_components,XGBClassifier,0.002750198356807232,2
motif_3_norm,XGBClassifier,0.002657601609826088,2
motif_10,XGBClassifier,0.002369214314967394,2
cent_eigen,XGBClassifier,0.002222988521680236,2
motif_3,XGBClassifier,0.0019541699439287186,2
Fisher alpha,XGBClassifier,0.001929523074068129,2
niche.overlap.LL,XGBClassifier,0.0019178349757567048,2
species_ratio,XGBClassifier,0.0018831809284165502,2
motif_11_norm,XGBClassifier,0.0018475664546713233,2
motif_13,XGBClassifier,0.001755563891492784,2
Shannon diversity,XGBClassifier,0.0017459444934502244,2
hits_authorities_LL,XGBClassifier,0.0015682528028264642,2
closeness_centrality_HL,XGBClassifier,0.0015430401545017958,2
motif_14_norm,XGBClassifier,0.0013620799873024225,2
niche.overlap.HL,XGBClassifier,0.00119108147919178,2
robustness.HL,XGBClassifier,0.0011462044203653932,2
motif_16_norm,XGBClassifier,0.0011455813655629754,2
motif_7_norm,XGBClassifier,0.0011320048943161964,2
closeness_HL,XGBClassifier,0.0011251429095864296,2
NODF,XGBClassifier,0.0010825712233781815,2
motif_8,XGBClassifier,0.0010745485778898,2
hits_hubs_HL,XGBClassifier,0.0010718470439314842,2
web asymmetry,XGBClassifier,0.001029948703944683,2
V.ratio.LL,XGBClassifier,0.0009922741446644068,2
motif_9,XGBClassifier,0.000952727859839797,2
motif_6_norm,XGBClassifier,0.0009260294609703124,2
degree_assortativity_coefficient,XGBClassifier,0.0008881700341589749,2
interactions_count,XGBClassifier,0.0008264252683147788,2
global_efficiency,XGBClassifier,0.0007557973149232566,2
motif_9_norm,XGBClassifier,0.0007521799998357892,2
motif_2,XGBClassifier,0.0007410512189380825,2
motif_4_norm,XGBClassifier,0.0007292469381354749,2
motif_11,XGBClassifier,0.0007211254560388625,2
motif_1_norm,XGBClassifier,0.000699360913131386,2
motif_6,XGBClassifier,0.0006960015743970871,2
average_clustering,XGBClassifier,0.000672840338665992,2
nestedness,XGBClassifier,0.0006568998214788735,2
motif_15_norm,XGBClassifier,0.0006533284322358668,2
robustness.LL,XGBClassifier,0.000614394957665354,2
motif_10_norm,XGBClassifier,0.0006108322995714843,2
motif_5_norm,XGBClassifier,0.000578028557356447,2
motif_7,XGBClassifier,0.0005696322186850011,2
motif_4,XGBClassifier,0.0005402602255344391,2
cent_close,XGBClassifier,0.0005399466608650982,2
bipartite_clustering,XGBClassifier,0.0005326434038579464,2
motif_2_norm,XGBClassifier,0.0004830125253647566,2
motif_17_norm,XGBClassifier,0.00047769580851309,2
cent_between,XGBClassifier,0.000463666656287387,2
compartment diversity,XGBClassifier,0.0004566510033328086,2
motif_12_norm,XGBClassifier,0.0003748888266272843,2
motif_13_norm,XGBClassifier,0.00034178077476099133,2
network_size,XGBClassifier,0.00031786790350452065,2
community_Plant-Seed Dispersers,XGBClassifier,0.0002409899461781606,2
number of compartments,XGBClassifier,0.0001385513023706153,2
community_Plant-Pollinator,XGBClassifier,0.0001250492932740599,2
community_Host-Parasite,XGBClassifier,7.5737266342912335e-06,2
H2,XGBClassifier,0.0,2
community_Washington,XGBClassifier,0.0,2
community_Basketball,XGBClassifier,0.0,2
community_Plant-Herbivore,XGBClassifier,0.0,2
community_Legislature,XGBClassifier,0.0,2
community_San Francisco,XGBClassifier,0.0,2
community_Chicago,XGBClassifier,0.0,2
community_Minneapolis,XGBClassifier,0.0,2
Spectral_bipartivity,XGBClassifier,0.0,2
local_efficiency,XGBClassifier,0.0,2
isolate_LL,XGBClassifier,0.0,2
isolate_HL,XGBClassifier,0.0,2
community_Hockey,XGBClassifier,0.0,2
degree_centrality_LL,RandomForestClassifier,0.06656370898704711,3
preferential_attachment,RandomForestClassifier,0.06383723739628754,3
degree_centrality_HL,RandomForestClassifier,0.06323415816746648,3
PDI_HL,RandomForestClassifier,0.05762406699435556,3
PDI_LL,RandomForestClassifier,0.05707519289387731,3
betweenness_centrality_LL,RandomForestClassifier,0.04462107143888956,3
nestedrank_HL,RandomForestClassifier,0.03874246713230944,3
pagerank_LL,RandomForestClassifier,0.037055902149792326,3
betweenness_centrality_HL,RandomForestClassifier,0.036470085147049504,3
degree_LL,RandomForestClassifier,0.03196407353342647,3
species.specificity.index_LL,RandomForestClassifier,0.03126007426627593,3
friends_measure,RandomForestClassifier,0.02998939554116486,3
Fisher.alpha_LL,RandomForestClassifier,0.028697940107982167,3
species.specificity.index_HL,RandomForestClassifier,0.027389382556710307,3
pagerank_HL,RandomForestClassifier,0.026773334451490532,3
interaction.push.pull_HL,RandomForestClassifier,0.02648257548001374,3
nestedrank_LL,RandomForestClassifier,0.02590230660925745,3
species.strength_HL,RandomForestClassifier,0.02388041988562211,3
closeness_centrality_HL,RandomForestClassifier,0.02364426489792561,3
degree_HL,RandomForestClassifier,0.02128962860565615,3
interaction.push.pull_LL,RandomForestClassifier,0.02091085502727815,3
closeness_centrality_LL,RandomForestClassifier,0.019617526796595685,3
Fisher.alpha_HL,RandomForestClassifier,0.01773499228666879,3
species.strength_LL,RandomForestClassifier,0.013662701028628568,3
betweenness_LL,RandomForestClassifier,0.01286980439062706,3
node.specialisation.index.NSI_HL,RandomForestClassifier,0.012254044047938166,3
node_redundancy_LL,RandomForestClassifier,0.010811311168801343,3
betweenness_HL,RandomForestClassifier,0.010405569705429442,3
node.specialisation.index.NSI_LL,RandomForestClassifier,0.008623681468684865,3
d_LL,RandomForestClassifier,0.0070343092787396675,3
average_neighbor_degree_HL,RandomForestClassifier,0.0065968549677048235,3
d_HL,RandomForestClassifier,0.006461872563702703,3
node_redundancy_HL,RandomForestClassifier,0.006213471254082614,3
average_neighbor_degree_LL,RandomForestClassifier,0.005785462645174805,3
closeness_HL,RandomForestClassifier,0.005586320797804918,3
hits_authorities_LL,RandomForestClassifier,0.0047906663934437505,3
closeness_LL,RandomForestClassifier,0.004094538980467016,3
hits_hubs_HL,RandomForestClassifier,0.0036021637933088737,3
hits_authorities_HL,RandomForestClassifier,0.0035870011122206536,3
niche.overlap.LL,RandomForestClassifier,0.0034877811535137353,3
latapy_clustering_HL,RandomForestClassifier,0.003220006066566535,3
hits_hubs_LL,RandomForestClassifier,0.003164680862869198,3
latapy_clustering_LL,RandomForestClassifier,0.0029073232076651727,3
global_efficiency,RandomForestClassifier,0.00199955855059673,3
network_size,RandomForestClassifier,0.0018998000876543786,3
connectance,RandomForestClassifier,0.0015283116824484928,3
nestedness,RandomForestClassifier,0.0015009554762362796,3
motif_17_norm,RandomForestClassifier,0.0013803311331001703,3
bipartite_clustering,RandomForestClassifier,0.0013259215894531574,3
species_ratio,RandomForestClassifier,0.001267970916310039,3
web asymmetry,RandomForestClassifier,0.0012039210380786118,3
motif_3,RandomForestClassifier,0.0010845360657128437,3
robustness.HL,RandomForestClassifier,0.0010611406906995608,3
interaction evenness,RandomForestClassifier,0.0010610874004582207,3
degree_assortativity_coefficient,RandomForestClassifier,0.0010183493707316023,3
motif_7,RandomForestClassifier,0.0009809861467436677,3
robustness.LL,RandomForestClassifier,0.0009786225651878797,3
generality.HL,RandomForestClassifier,0.0009689639656565352,3
niche.overlap.HL,RandomForestClassifier,0.0009569535885502102,3
motif_17,RandomForestClassifier,0.0009334006599906077,3
same_community_infomap,RandomForestClassifier,0.0009056710532539527,3
motif_14,RandomForestClassifier,0.0008997596821705651,3
vulnerability.LL,RandomForestClassifier,0.0008874009288908981,3
Shannon diversity,RandomForestClassifier,0.000807659455471997,3
motif_6_norm,RandomForestClassifier,0.0008016317828752202,3
motif_15,RandomForestClassifier,0.0007926574273835717,3
V.ratio.HL,RandomForestClassifier,0.0007868086253389788,3
motif_13,RandomForestClassifier,0.0007703422560193245,3
motif_8,RandomForestClassifier,0.0007356670726675362,3
motif_4_norm,RandomForestClassifier,0.0007337607928718655,3
motif_7_norm,RandomForestClassifier,0.0007267482651120045,3
motif_13_norm,RandomForestClassifier,0.000715069480111651,3
motif_10,RandomForestClassifier,0.000657371859586202,3
interactions_count,RandomForestClassifier,0.0006540893553915457,3
motif_3_norm,RandomForestClassifier,0.0006417768754964725,3
motif_15_norm,RandomForestClassifier,0.0006317879376396805,3
motif_9,RandomForestClassifier,0.0006144479671174993,3
motif_5,RandomForestClassifier,0.0006012148747346549,3
motif_16_norm,RandomForestClassifier,0.000552876519244181,3
motif_2,RandomForestClassifier,0.0005353543951453557,3
motif_16,RandomForestClassifier,0.0005072194998693695,3
motif_10_norm,RandomForestClassifier,0.0004672012016537827,3
motif_5_norm,RandomForestClassifier,0.00046501995897463776,3
motif_11_norm,RandomForestClassifier,0.0004524312667298569,3
motif_1,RandomForestClassifier,0.00044864414555697993,3
motif_2_norm,RandomForestClassifier,0.000442601448560999,3
motif_6,RandomForestClassifier,0.0004263674332899848,3
links per species,RandomForestClassifier,0.00041824221531250197,3
motif_4,RandomForestClassifier,0.00041030372461250205,3
V.ratio.LL,RandomForestClassifier,0.00040641147980947733,3
Fisher alpha,RandomForestClassifier,0.000401115387661083,3
motif_11,RandomForestClassifier,0.000400865303721762,3
average_clustering,RandomForestClassifier,0.0003843529918446089,3
NODF,RandomForestClassifier,0.0003706732471259801,3
connected_components,RandomForestClassifier,0.0003154348368388376,3
motif_14_norm,RandomForestClassifier,0.00031001214922650846,3
motif_1_norm,RandomForestClassifier,0.0002927759545150443,3
motif_12_norm,RandomForestClassifier,0.00025694135339611994,3
motif_9_norm,RandomForestClassifier,0.0002560265284295344,3
motif_8_norm,RandomForestClassifier,0.00023922363380834936,3
cent_between,RandomForestClassifier,0.0002215348104846872,3
cent_eigen,RandomForestClassifier,0.00021339050559073214,3
motif_12,RandomForestClassifier,0.0002125954290966729,3
edge_connectivity,RandomForestClassifier,9.910969682573186e-05,3
cent_close,RandomForestClassifier,3.4416888238894394e-05,3
number of compartments,RandomForestClassifier,1.617255617503705e-05,3
community_Plant-Seed Dispersers,RandomForestClassifier,7.78357800151338e-06,3
community_San Francisco,RandomForestClassifier,0.0,3
community_Legislature,RandomForestClassifier,0.0,3
community_Plant-Herbivore,RandomForestClassifier,0.0,3
community_Plant-Pollinator,RandomForestClassifier,0.0,3
community_Basketball,RandomForestClassifier,0.0,3
community_Washington,RandomForestClassifier,0.0,3
community_Host-Parasite,RandomForestClassifier,0.0,3
isolate_HL,RandomForestClassifier,0.0,3
community_Chicago,RandomForestClassifier,0.0,3
community_Minneapolis,RandomForestClassifier,0.0,3
Spectral_bipartivity,RandomForestClassifier,0.0,3
local_efficiency,RandomForestClassifier,0.0,3
isolate_LL,RandomForestClassifier,0.0,3
compartment diversity,RandomForestClassifier,0.0,3
H2,RandomForestClassifier,0.0,3
community_Hockey,RandomForestClassifier,0.0,3
preferential_attachment,LogisticRegression,-8.772666043067106,3
edge_connectivity,LogisticRegression,-0.12989271036675715,3
nestedrank_LL,LogisticRegression,-3.709424178124435e-05,3
degree_assortativity_coefficient,LogisticRegression,0.0,3
global_efficiency,LogisticRegression,0.0,3
local_efficiency,LogisticRegression,0.0,3
latapy_clustering_LL,LogisticRegression,0.0,3
node_redundancy_LL,LogisticRegression,0.0,3
average_neighbor_degree_LL,LogisticRegression,0.0,3
pagerank_LL,LogisticRegression,0.0,3
number of compartments,LogisticRegression,0.0,3
hits_hubs_LL,LogisticRegression,0.0,3
isolate_LL,LogisticRegression,0.0,3
latapy_clustering_HL,LogisticRegression,0.0,3
average_clustering,LogisticRegression,0.0,3
node_redundancy_HL,LogisticRegression,0.0,3
pagerank_HL,LogisticRegression,0.0,3
hits_hubs_HL,LogisticRegression,0.0,3
hits_authorities_HL,LogisticRegression,0.0,3
isolate_HL,LogisticRegression,0.0,3
friends_measure,LogisticRegression,0.0,3
connectance,LogisticRegression,0.0,3
web asymmetry,LogisticRegression,0.0,3
hits_authorities_LL,LogisticRegression,0.0,3
motif_13,LogisticRegression,0.0,3
motif_7,LogisticRegression,0.0,3
motif_15,LogisticRegression,0.0,3
closeness_HL,LogisticRegression,0.0,3
interaction.push.pull_LL,LogisticRegression,0.0,3
average_neighbor_degree_HL,LogisticRegression,0.0,3
Spectral_bipartivity,LogisticRegression,0.0,3
interactions_count,LogisticRegression,0.0,3
motif_14,LogisticRegression,0.0,3
Fisher alpha,LogisticRegression,0.0,3
Shannon diversity,LogisticRegression,0.0,3
interaction evenness,LogisticRegression,0.0,3
H2,LogisticRegression,0.0,3
niche.overlap.HL,LogisticRegression,0.0,3
niche.overlap.LL,LogisticRegression,0.0,3
V.ratio.HL,LogisticRegression,0.0,3
V.ratio.LL,LogisticRegression,0.0,3
robustness.HL,LogisticRegression,0.0,3
robustness.LL,LogisticRegression,0.0,3
nestedness,LogisticRegression,0.0,3
generality.HL,LogisticRegression,0.0,3
motif_1,LogisticRegression,0.0,3
motif_2,LogisticRegression,0.0,3
motif_3,LogisticRegression,0.0,3
motif_4,LogisticRegression,0.0,3
motif_5,LogisticRegression,0.0,3
motif_6,LogisticRegression,0.0,3
species_ratio,LogisticRegression,0.0,3
motif_8,LogisticRegression,0.0,3
motif_9,LogisticRegression,0.0,3
motif_10,LogisticRegression,0.0,3
motif_11,LogisticRegression,0.0,3
vulnerability.LL,LogisticRegression,0.0,3
motif_12,LogisticRegression,0.0,3
compartment diversity,LogisticRegression,0.0,3
links per species,LogisticRegression,0.0,3
bipartite_clustering,LogisticRegression,0.0,3
PDI_LL,LogisticRegression,0.0,3
species.specificity.index_LL,LogisticRegression,0.0,3
node.specialisation.index.NSI_LL,LogisticRegression,0.0,3
motif_2_norm,LogisticRegression,0.0,3
motif_3_norm,LogisticRegression,0.0,3
motif_4_norm,LogisticRegression,0.0,3
motif_5_norm,LogisticRegression,0.0,3
motif_6_norm,LogisticRegression,0.0,3
motif_7_norm,LogisticRegression,0.0,3
NODF,LogisticRegression,0.0,3
motif_9_norm,LogisticRegression,0.0,3
motif_1_norm,LogisticRegression,0.0,3
motif_10_norm,LogisticRegression,0.0,3
motif_12_norm,LogisticRegression,0.0,3
motif_11_norm,LogisticRegression,0.0,3
motif_13_norm,LogisticRegression,0.0,3
motif_14_norm,LogisticRegression,0.0,3
motif_15_norm,LogisticRegression,0.0,3
motif_16_norm,LogisticRegression,0.0,3
interaction.push.pull_HL,LogisticRegression,0.0,3
motif_17_norm,LogisticRegression,0.0,3
PDI_HL,LogisticRegression,0.0,3
motif_17,LogisticRegression,0.0,3
motif_8_norm,LogisticRegression,0.0,3
nestedrank_HL,LogisticRegression,0.0,3
motif_16,LogisticRegression,0.0,3
closeness_LL,LogisticRegression,0.0,3
d_LL,LogisticRegression,0.0,3
cent_between,LogisticRegression,0.0,3
cent_close,LogisticRegression,0.0,3
community_Minneapolis,LogisticRegression,0.0,3
community_Plant-Seed Dispersers,LogisticRegression,0.0,3
community_Chicago,LogisticRegression,0.0,3
community_Plant-Pollinator,LogisticRegression,0.0,3
betweenness_LL,LogisticRegression,0.0,3
community_San Francisco,LogisticRegression,0.0,3
community_Washington,LogisticRegression,0.0,3
network_size,LogisticRegression,0.0,3
species.specificity.index_HL,LogisticRegression,0.0,3
node.specialisation.index.NSI_HL,LogisticRegression,0.0,3
community_Hockey,LogisticRegression,0.0,3
community_Host-Parasite,LogisticRegression,0.0,3
community_Plant-Herbivore,LogisticRegression,0.0,3
community_Legislature,LogisticRegression,0.0,3
community_Basketball,LogisticRegression,0.0,3
d_HL,LogisticRegression,3.9151660234207114e-08,3
betweenness_HL,LogisticRegression,0.033781802526005184,3
connected_components,LogisticRegression,0.27159435283313177,3
cent_eigen,LogisticRegression,0.2937149259698847,3
same_community_infomap,LogisticRegression,0.3096178394876232,3
Fisher.alpha_LL,LogisticRegression,0.34622673080042077,3
closeness_centrality_HL,LogisticRegression,0.41423959587736187,3
closeness_centrality_LL,LogisticRegression,0.4202724729791498,3
Fisher.alpha_HL,LogisticRegression,0.46318190352261607,3
species.strength_HL,LogisticRegression,0.6754948285354601,3
species.strength_LL,LogisticRegression,0.7764252692153862,3
betweenness_centrality_HL,LogisticRegression,1.1080848478716978,3
betweenness_centrality_LL,LogisticRegression,1.2154615104140327,3
degree_centrality_LL,LogisticRegression,1.7080201686833283,3
degree_centrality_HL,LogisticRegression,1.8744717306928602,3
degree_LL,LogisticRegression,6.604880036382778,3
degree_HL,LogisticRegression,6.648827464628507,3
preferential_attachment,XGBClassifier,0.10340087860822678,3
degree_centrality_HL,XGBClassifier,0.057333990931510925,3
PDI_HL,XGBClassifier,0.05155022069811821,3
friends_measure,XGBClassifier,0.04945479705929756,3
species.specificity.index_HL,XGBClassifier,0.048826009035110474,3
PDI_LL,XGBClassifier,0.04544861987233162,3
nestedrank_LL,XGBClassifier,0.04528534784913063,3
degree_centrality_LL,XGBClassifier,0.03455410152673721,3
betweenness_centrality_HL,XGBClassifier,0.0331672802567482,3
Fisher.alpha_LL,XGBClassifier,0.028000283986330032,3
betweenness_HL,XGBClassifier,0.023277930915355682,3
degree_HL,XGBClassifier,0.022334013134241104,3
interaction.push.pull_LL,XGBClassifier,0.02181266061961651,3
node_redundancy_LL,XGBClassifier,0.019540375098586082,3
degree_LL,XGBClassifier,0.017755504697561264,3
node.specialisation.index.NSI_HL,XGBClassifier,0.01712069846689701,3
species.strength_LL,XGBClassifier,0.01623522862792015,3
node.specialisation.index.NSI_LL,XGBClassifier,0.015313961543142796,3
hits_hubs_LL,XGBClassifier,0.015161423943936825,3
hits_authorities_HL,XGBClassifier,0.014937548898160458,3
betweenness_centrality_LL,XGBClassifier,0.013972419314086437,3
interaction.push.pull_HL,XGBClassifier,0.01295473799109459,3
pagerank_HL,XGBClassifier,0.012644282542169094,3
latapy_clustering_HL,XGBClassifier,0.011750281788408756,3
Fisher.alpha_HL,XGBClassifier,0.011374697089195251,3
species.strength_HL,XGBClassifier,0.011327024549245834,3
node_redundancy_HL,XGBClassifier,0.011233600787818432,3
species.specificity.index_LL,XGBClassifier,0.011205179616808891,3
d_LL,XGBClassifier,0.010520794428884983,3
connectance,XGBClassifier,0.010261843912303448,3
pagerank_LL,XGBClassifier,0.009645341895520687,3
closeness_centrality_HL,XGBClassifier,0.009372131898999214,3
motif_13,XGBClassifier,0.008491728454828262,3
motif_8_norm,XGBClassifier,0.007124233525246382,3
average_neighbor_degree_HL,XGBClassifier,0.006767227780073881,3
nestedrank_HL,XGBClassifier,0.006686132401227951,3
closeness_LL,XGBClassifier,0.006476661656051874,3
average_neighbor_degree_LL,XGBClassifier,0.00634319894015789,3
betweenness_LL,XGBClassifier,0.006164340302348137,3
generality.HL,XGBClassifier,0.005679890047758818,3
vulnerability.LL,XGBClassifier,0.005666665267199278,3
motif_14,XGBClassifier,0.005630520638078451,3
closeness_centrality_LL,XGBClassifier,0.0056189787574112415,3
d_HL,XGBClassifier,0.004590259864926338,3
niche.overlap.LL,XGBClassifier,0.004562069661915302,3
species_ratio,XGBClassifier,0.004377773497253656,3
motif_3,XGBClassifier,0.004002204164862633,3
latapy_clustering_LL,XGBClassifier,0.00381202413700521,3
niche.overlap.HL,XGBClassifier,0.003720149165019393,3
motif_7,XGBClassifier,0.0032713806722313166,3
same_community_infomap,XGBClassifier,0.0032157639507204294,3
interaction evenness,XGBClassifier,0.003056763205677271,3
NODF,XGBClassifier,0.003034486435353756,3
edge_connectivity,XGBClassifier,0.003009118838235736,3
average_clustering,XGBClassifier,0.0028922315686941147,3
hits_hubs_HL,XGBClassifier,0.00286093819886446,3
motif_15,XGBClassifier,0.0028477737214416265,3
motif_10,XGBClassifier,0.0027398790698498487,3
robustness.HL,XGBClassifier,0.0026203913148492575,3
connected_components,XGBClassifier,0.0026078519877046347,3
motif_16,XGBClassifier,0.002513817511498928,3
V.ratio.HL,XGBClassifier,0.002240945817902684,3
hits_authorities_LL,XGBClassifier,0.002185708610340953,3
motif_1,XGBClassifier,0.001918292953632772,3
motif_14_norm,XGBClassifier,0.0018246987601742148,3
robustness.LL,XGBClassifier,0.001699067186564207,3
motif_11_norm,XGBClassifier,0.0016952503938227892,3
motif_3_norm,XGBClassifier,0.0015142540214583278,3
motif_16_norm,XGBClassifier,0.0014941844856366515,3
motif_1_norm,XGBClassifier,0.001480331877246499,3
closeness_HL,XGBClassifier,0.0014730223920196295,3
web asymmetry,XGBClassifier,0.0014654010301455855,3
motif_15_norm,XGBClassifier,0.0014390392461791635,3
motif_17,XGBClassifier,0.001437879865989089,3
cent_eigen,XGBClassifier,0.0014235900016501546,3
global_efficiency,XGBClassifier,0.0013503750087693334,3
motif_12_norm,XGBClassifier,0.0013092512963339686,3
links per species,XGBClassifier,0.0012969975359737873,3
motif_11,XGBClassifier,0.001283931778743863,3
cent_between,XGBClassifier,0.0012754921335726976,3
motif_6_norm,XGBClassifier,0.0012226036051288247,3
motif_9,XGBClassifier,0.0011942490236833692,3
bipartite_clustering,XGBClassifier,0.0011742558563128114,3
motif_10_norm,XGBClassifier,0.001053138985298574,3
motif_7_norm,XGBClassifier,0.001035321969538927,3
motif_2,XGBClassifier,0.0010220087133347988,3
motif_8,XGBClassifier,0.0009788604220375419,3
motif_6,XGBClassifier,0.0009389464976266026,3
motif_12,XGBClassifier,0.0009368649916723371,3
Shannon diversity,XGBClassifier,0.000929473724681884,3
motif_17_norm,XGBClassifier,0.0009093363769352436,3
motif_4_norm,XGBClassifier,0.0008644182817079127,3
number of compartments,XGBClassifier,0.0008627366041764617,3
degree_assortativity_coefficient,XGBClassifier,0.0008476379443891346,3
Fisher alpha,XGBClassifier,0.0008378029451705515,3
motif_13_norm,XGBClassifier,0.0007984274416230619,3
motif_2_norm,XGBClassifier,0.0007796755526214838,3
compartment diversity,XGBClassifier,0.0007367630605585873,3
nestedness,XGBClassifier,0.0007212001946754754,3
community_Plant-Pollinator,XGBClassifier,0.0006986338994465768,3
interactions_count,XGBClassifier,0.0006828949553892016,3
motif_4,XGBClassifier,0.0006310882745310664,3
motif_5_norm,XGBClassifier,0.0005815865006297827,3
motif_9_norm,XGBClassifier,0.0005495407967828214,3
cent_close,XGBClassifier,0.0005268924287520349,3
community_Plant-Seed Dispersers,XGBClassifier,0.00045574066461995244,3
V.ratio.LL,XGBClassifier,0.000433452136348933,3
motif_5,XGBClassifier,0.0003417574625927955,3
network_size,XGBClassifier,0.00028922458295710385,3
H2,XGBClassifier,0.0,3
isolate_HL,XGBClassifier,0.0,3
isolate_LL,XGBClassifier,0.0,3
community_Minneapolis,XGBClassifier,0.0,3
local_efficiency,XGBClassifier,0.0,3
community_Chicago,XGBClassifier,0.0,3
Spectral_bipartivity,XGBClassifier,0.0,3
community_Washington,XGBClassifier,0.0,3
community_San Francisco,XGBClassifier,0.0,3
community_Legislature,XGBClassifier,0.0,3
community_Plant-Herbivore,XGBClassifier,0.0,3
community_Host-Parasite,XGBClassifier,0.0,3
community_Basketball,XGBClassifier,0.0,3
community_Hockey,XGBClassifier,0.0,3
degree_centrality_LL,RandomForestClassifier,0.07006384958559965,4
degree_centrality_HL,RandomForestClassifier,0.06114686170151321,4
PDI_HL,RandomForestClassifier,0.0599980927096413,4
preferential_attachment,RandomForestClassifier,0.052053863049410294,4
betweenness_centrality_HL,RandomForestClassifier,0.04706266234960204,4
species.specificity.index_LL,RandomForestClassifier,0.04557548492868136,4
PDI_LL,RandomForestClassifier,0.043283882346754905,4
betweenness_centrality_LL,RandomForestClassifier,0.041720155814137426,4
nestedrank_LL,RandomForestClassifier,0.037493187792472564,4
pagerank_HL,RandomForestClassifier,0.032723094247877525,4
Fisher.alpha_LL,RandomForestClassifier,0.03186340209008547,4
nestedrank_HL,RandomForestClassifier,0.031353049809645844,4
species.specificity.index_HL,RandomForestClassifier,0.029631550919862706,4
degree_LL,RandomForestClassifier,0.029601979325957192,4
Fisher.alpha_HL,RandomForestClassifier,0.027476963733258832,4
pagerank_LL,RandomForestClassifier,0.026609085192654338,4
species.strength_LL,RandomForestClassifier,0.025380522543960945,4
interaction.push.pull_LL,RandomForestClassifier,0.025063927032133552,4
friends_measure,RandomForestClassifier,0.02391057553131284,4
degree_HL,RandomForestClassifier,0.023711350763290378,4
species.strength_HL,RandomForestClassifier,0.021385673825647968,4
interaction.push.pull_HL,RandomForestClassifier,0.021269360117835798,4
closeness_centrality_HL,RandomForestClassifier,0.01932445271172821,4
closeness_centrality_LL,RandomForestClassifier,0.01868629035207782,4
betweenness_HL,RandomForestClassifier,0.017105894506437933,4
betweenness_LL,RandomForestClassifier,0.016525406059871253,4
node.specialisation.index.NSI_LL,RandomForestClassifier,0.01545920655036505,4
node.specialisation.index.NSI_HL,RandomForestClassifier,0.009663623376314762,4
node_redundancy_HL,RandomForestClassifier,0.009441405866656625,4
connectance,RandomForestClassifier,0.006764843411714296,4
node_redundancy_LL,RandomForestClassifier,0.00608033953997196,4
hits_authorities_HL,RandomForestClassifier,0.005945634792975497,4
closeness_HL,RandomForestClassifier,0.0038284217791307333,4
d_HL,RandomForestClassifier,0.0037719745924094843,4
average_neighbor_degree_HL,RandomForestClassifier,0.003628851801641768,4
d_LL,RandomForestClassifier,0.0033216765254328686,4
hits_hubs_LL,RandomForestClassifier,0.0032988639128716728,4
hits_authorities_LL,RandomForestClassifier,0.0031811376240406977,4
average_neighbor_degree_LL,RandomForestClassifier,0.0031265781251749456,4
NODF,RandomForestClassifier,0.0030981835446503834,4
hits_hubs_HL,RandomForestClassifier,0.0029455157632307383,4
niche.overlap.LL,RandomForestClassifier,0.0026861361103144975,4
closeness_LL,RandomForestClassifier,0.0025462252816768104,4
latapy_clustering_HL,RandomForestClassifier,0.00205153648596844,4
latapy_clustering_LL,RandomForestClassifier,0.001737356786928219,4
interaction evenness,RandomForestClassifier,0.001510649134591362,4
niche.overlap.HL,RandomForestClassifier,0.00136803210891438,4
network_size,RandomForestClassifier,0.0012349413608457233,4
nestedness,RandomForestClassifier,0.001135634853556384,4
global_efficiency,RandomForestClassifier,0.0009873932779749402,4
same_community_infomap,RandomForestClassifier,0.000956595776284656,4
motif_4_norm,RandomForestClassifier,0.0008826940873105647,4
motif_6_norm,RandomForestClassifier,0.0008598486192204155,4
web asymmetry,RandomForestClassifier,0.0008106400366753731,4
motif_17_norm,RandomForestClassifier,0.0007778118709949928,4
motif_17,RandomForestClassifier,0.0007735651269141096,4
motif_4,RandomForestClassifier,0.0007371515067860255,4
motif_14,RandomForestClassifier,0.0006975560863522762,4
motif_1,RandomForestClassifier,0.0006845056689614729,4
robustness.LL,RandomForestClassifier,0.0006631746873003414,4
Shannon diversity,RandomForestClassifier,0.0006286923001441741,4
species_ratio,RandomForestClassifier,0.0006218780149590021,4
motif_13,RandomForestClassifier,0.0005318439058298822,4
motif_9_norm,RandomForestClassifier,0.0005163694119016791,4
robustness.HL,RandomForestClassifier,0.0005159821523733606,4
cent_eigen,RandomForestClassifier,0.0005071875823308555,4
bipartite_clustering,RandomForestClassifier,0.0004993350659067851,4
motif_2,RandomForestClassifier,0.000489959814734651,4
motif_7_norm,RandomForestClassifier,0.00047655650038716556,4
motif_2_norm,RandomForestClassifier,0.0004379010323959193,4
generality.HL,RandomForestClassifier,0.00041160001384613466,4
degree_assortativity_coefficient,RandomForestClassifier,0.0004102486641662517,4
motif_6,RandomForestClassifier,0.0004026546806457919,4
motif_11,RandomForestClassifier,0.0003846248808839308,4
interactions_count,RandomForestClassifier,0.0003797826017334905,4
motif_5,RandomForestClassifier,0.0003561413109369814,4
motif_7,RandomForestClassifier,0.000354921504669906,4
average_clustering,RandomForestClassifier,0.00034510984142328984,4
motif_10,RandomForestClassifier,0.0003228745728119954,4
motif_9,RandomForestClassifier,0.0003216203208409721,4
motif_5_norm,RandomForestClassifier,0.0003200907955576605,4
motif_13_norm,RandomForestClassifier,0.0003098586015339482,4
V.ratio.HL,RandomForestClassifier,0.000301329990411769,4
motif_10_norm,RandomForestClassifier,0.00028958721613232715,4
motif_3,RandomForestClassifier,0.0002868803611544396,4
vulnerability.LL,RandomForestClassifier,0.00028674939936657344,4
V.ratio.LL,RandomForestClassifier,0.00024243502834038822,4
motif_15,RandomForestClassifier,0.00023073269299757947,4
motif_15_norm,RandomForestClassifier,0.00022622720096471082,4
motif_12_norm,RandomForestClassifier,0.00022141205395050773,4
motif_8_norm,RandomForestClassifier,0.000220316692225921,4
motif_12,RandomForestClassifier,0.00021592368357563907,4
motif_16_norm,RandomForestClassifier,0.00020385767286539025,4
motif_8,RandomForestClassifier,0.0001882632848846724,4
motif_1_norm,RandomForestClassifier,0.0001560138630331371,4
links per species,RandomForestClassifier,0.00014699423597538944,4
community_Plant-Pollinator,RandomForestClassifier,9.12662485615163e-05,4
motif_3_norm,RandomForestClassifier,9.038264690682444e-05,4
Fisher alpha,RandomForestClassifier,8.767364396921347e-05,4
edge_connectivity,RandomForestClassifier,7.487256121324898e-05,4
motif_11_norm,RandomForestClassifier,6.754165258078234e-05,4
motif_16,RandomForestClassifier,6.118821433033366e-05,4
motif_14_norm,RandomForestClassifier,6.0745898243239645e-05,4
cent_between,RandomForestClassifier,2.604707269884496e-05,4
community_Plant-Herbivore,RandomForestClassifier,0.0,4
community_Legislature,RandomForestClassifier,0.0,4
community_San Francisco,RandomForestClassifier,0.0,4
community_Washington,RandomForestClassifier,0.0,4
community_Host-Parasite,RandomForestClassifier,0.0,4
community_Plant-Seed Dispersers,RandomForestClassifier,0.0,4
community_Chicago,RandomForestClassifier,0.0,4
community_Basketball,RandomForestClassifier,0.0,4
compartment diversity,RandomForestClassifier,0.0,4
community_Minneapolis,RandomForestClassifier,0.0,4
cent_close,RandomForestClassifier,0.0,4
Spectral_bipartivity,RandomForestClassifier,0.0,4
local_efficiency,RandomForestClassifier,0.0,4
connected_components,RandomForestClassifier,0.0,4
isolate_LL,RandomForestClassifier,0.0,4
isolate_HL,RandomForestClassifier,0.0,4
number of compartments,RandomForestClassifier,0.0,4
H2,RandomForestClassifier,0.0,4
community_Hockey,RandomForestClassifier,0.0,4
preferential_attachment,LogisticRegression,-8.71100358350513,4
edge_connectivity,LogisticRegression,-0.1006058740678729,4
nestedrank_LL,LogisticRegression,-0.015071741522626034,4
degree_assortativity_coefficient,LogisticRegression,0.0,4
global_efficiency,LogisticRegression,0.0,4
local_efficiency,LogisticRegression,0.0,4
latapy_clustering_LL,LogisticRegression,0.0,4
node_redundancy_LL,LogisticRegression,0.0,4
average_neighbor_degree_LL,LogisticRegression,0.0,4
pagerank_LL,LogisticRegression,0.0,4
number of compartments,LogisticRegression,0.0,4
hits_hubs_LL,LogisticRegression,0.0,4
isolate_LL,LogisticRegression,0.0,4
latapy_clustering_HL,LogisticRegression,0.0,4
average_clustering,LogisticRegression,0.0,4
node_redundancy_HL,LogisticRegression,0.0,4
pagerank_HL,LogisticRegression,0.0,4
hits_hubs_HL,LogisticRegression,0.0,4
hits_authorities_HL,LogisticRegression,0.0,4
isolate_HL,LogisticRegression,0.0,4
friends_measure,LogisticRegression,0.0,4
connectance,LogisticRegression,0.0,4
web asymmetry,LogisticRegression,0.0,4
hits_authorities_LL,LogisticRegression,0.0,4
motif_13,LogisticRegression,0.0,4
motif_7,LogisticRegression,0.0,4
motif_15,LogisticRegression,0.0,4
closeness_HL,LogisticRegression,0.0,4
d_HL,LogisticRegression,0.0,4
average_neighbor_degree_HL,LogisticRegression,0.0,4
Spectral_bipartivity,LogisticRegression,0.0,4
interactions_count,LogisticRegression,0.0,4
community_Host-Parasite,LogisticRegression,0.0,4
Fisher alpha,LogisticRegression,0.0,4
Shannon diversity,LogisticRegression,0.0,4
interaction evenness,LogisticRegression,0.0,4
H2,LogisticRegression,0.0,4
niche.overlap.HL,LogisticRegression,0.0,4
niche.overlap.LL,LogisticRegression,0.0,4
V.ratio.HL,LogisticRegression,0.0,4
V.ratio.LL,LogisticRegression,0.0,4
robustness.HL,LogisticRegression,0.0,4
robustness.LL,LogisticRegression,0.0,4
nestedness,LogisticRegression,0.0,4
generality.HL,LogisticRegression,0.0,4
motif_1,LogisticRegression,0.0,4
motif_2,LogisticRegression,0.0,4
motif_3,LogisticRegression,0.0,4
motif_4,LogisticRegression,0.0,4
motif_5,LogisticRegression,0.0,4
motif_6,LogisticRegression,0.0,4
species_ratio,LogisticRegression,0.0,4
motif_8,LogisticRegression,0.0,4
motif_9,LogisticRegression,0.0,4
motif_10,LogisticRegression,0.0,4
motif_11,LogisticRegression,0.0,4
vulnerability.LL,LogisticRegression,0.0,4
motif_12,LogisticRegression,0.0,4
compartment diversity,LogisticRegression,0.0,4
links per species,LogisticRegression,0.0,4
bipartite_clustering,LogisticRegression,0.0,4
community_Plant-Herbivore,LogisticRegression,0.0,4
interaction.push.pull_LL,LogisticRegression,0.0,4
motif_14,LogisticRegression,0.0,4
motif_4_norm,LogisticRegression,0.0,4
motif_5_norm,LogisticRegression,0.0,4
motif_6_norm,LogisticRegression,0.0,4
motif_7_norm,LogisticRegression,0.0,4
motif_8_norm,LogisticRegression,0.0,4
motif_9_norm,LogisticRegression,0.0,4
NODF,LogisticRegression,0.0,4
motif_10_norm,LogisticRegression,0.0,4
motif_12_norm,LogisticRegression,0.0,4
motif_13_norm,LogisticRegression,0.0,4
motif_14_norm,LogisticRegression,0.0,4
motif_15_norm,LogisticRegression,0.0,4
motif_16_norm,LogisticRegression,0.0,4
motif_17_norm,LogisticRegression,0.0,4
community_Basketball,LogisticRegression,0.0,4
motif_11_norm,LogisticRegression,0.0,4
community_Minneapolis,LogisticRegression,0.0,4
motif_3_norm,LogisticRegression,0.0,4
motif_2_norm,LogisticRegression,0.0,4
nestedrank_HL,LogisticRegression,0.0,4
motif_17,LogisticRegression,0.0,4
motif_1_norm,LogisticRegression,0.0,4
PDI_LL,LogisticRegression,0.0,4
species.specificity.index_LL,LogisticRegression,0.0,4
node.specialisation.index.NSI_LL,LogisticRegression,0.0,4
betweenness_LL,LogisticRegression,0.0,4
community_Legislature,LogisticRegression,0.0,4
community_San Francisco,LogisticRegression,0.0,4
community_Washington,LogisticRegression,0.0,4
closeness_LL,LogisticRegression,0.0,4
community_Hockey,LogisticRegression,0.0,4
community_Chicago,LogisticRegression,0.0,4
d_LL,LogisticRegression,0.0,4
cent_between,LogisticRegression,0.0,4
cent_close,LogisticRegression,0.0,4
node.specialisation.index.NSI_HL,LogisticRegression,0.0,4
PDI_HL,LogisticRegression,0.0,4
species.specificity.index_HL,LogisticRegression,0.0,4
interaction.push.pull_HL,LogisticRegression,0.0,4
motif_16,LogisticRegression,0.0,4
community_Plant-Pollinator,LogisticRegression,0.0,4
betweenness_HL,LogisticRegression,8.968482385620041e-07,4
community_Plant-Seed Dispersers,LogisticRegression,1.365758616625828e-06,4
network_size,LogisticRegression,0.2843499855993805,4
connected_components,LogisticRegression,0.32648269881316094,4
same_community_infomap,LogisticRegression,0.3377502322550395,4
cent_eigen,LogisticRegression,0.3433574910442338,4
Fisher.alpha_HL,LogisticRegression,0.3525396377784648,4
Fisher.alpha_LL,LogisticRegression,0.3602480578524472,4
closeness_centrality_HL,LogisticRegression,0.4479009077304342,4
closeness_centrality_LL,LogisticRegression,0.5790865365820619,4
species.strength_HL,LogisticRegression,0.6653011713454107,4
species.strength_LL,LogisticRegression,0.8651807715110557,4
betweenness_centrality_LL,LogisticRegression,1.2197168367657625,4
betweenness_centrality_HL,LogisticRegression,1.2264723150479506,4
degree_centrality_LL,LogisticRegression,1.88681057167574,4
degree_centrality_HL,LogisticRegression,2.181497679497487,4
degree_LL,LogisticRegression,6.121780712496698,4
degree_HL,LogisticRegression,6.149890587944794,4
PDI_LL,XGBClassifier,0.06150270253419876,4
average_neighbor_degree_HL,XGBClassifier,0.05346342548727989,4
degree_centrality_HL,XGBClassifier,0.05287336930632591,4
degree_centrality_LL,XGBClassifier,0.04971296712756157,4
PDI_HL,XGBClassifier,0.043540045619010925,4
Fisher.alpha_LL,XGBClassifier,0.039891213178634644,4
closeness_centrality_HL,XGBClassifier,0.038096386939287186,4
degree_LL,XGBClassifier,0.037708040326833725,4
nestedrank_HL,XGBClassifier,0.0369081050157547,4
node.specialisation.index.NSI_HL,XGBClassifier,0.036906011402606964,4
preferential_attachment,XGBClassifier,0.03671140596270561,4
nestedrank_LL,XGBClassifier,0.0356469452381134,4
degree_HL,XGBClassifier,0.033375516533851624,4
closeness_centrality_LL,XGBClassifier,0.03330535814166069,4
betweenness_LL,XGBClassifier,0.029228605329990387,4
average_neighbor_degree_LL,XGBClassifier,0.028331154957413673,4
species.specificity.index_LL,XGBClassifier,0.02808433398604393,4
pagerank_HL,XGBClassifier,0.027761928737163544,4
betweenness_centrality_LL,XGBClassifier,0.027572615072131157,4
Fisher.alpha_HL,XGBClassifier,0.027498196810483932,4
betweenness_centrality_HL,XGBClassifier,0.022723346948623657,4
interaction.push.pull_LL,XGBClassifier,0.022166531533002853,4
species.specificity.index_HL,XGBClassifier,0.021912498399615288,4
node_redundancy_LL,XGBClassifier,0.01944134198129177,4
friends_measure,XGBClassifier,0.018828202039003372,4
node.specialisation.index.NSI_LL,XGBClassifier,0.018058836460113525,4
betweenness_HL,XGBClassifier,0.015290461480617523,4
edge_connectivity,XGBClassifier,0.01457948237657547,4
closeness_HL,XGBClassifier,0.013548187911510468,4
d_HL,XGBClassifier,0.011784745380282402,4
pagerank_LL,XGBClassifier,0.011276193894445896,4
species.strength_HL,XGBClassifier,0.010949777439236641,4
species.strength_LL,XGBClassifier,0.010003951378166676,4
d_LL,XGBClassifier,0.00951087661087513,4
node_redundancy_HL,XGBClassifier,0.008467976935207844,4
interaction.push.pull_HL,XGBClassifier,0.006633450742810965,4
connected_components,XGBClassifier,0.0024311859160661697,4
latapy_clustering_HL,XGBClassifier,0.0019274535588920116,4
connectance,XGBClassifier,0.0018535831477493048,4
motif_2_norm,XGBClassifier,0.000493546889629215,4
closeness_LL,XGBClassifier,0.0,4
motif_16_norm,XGBClassifier,0.0,4
motif_3_norm,XGBClassifier,0.0,4
motif_4_norm,XGBClassifier,0.0,4
motif_5_norm,XGBClassifier,0.0,4
motif_6_norm,XGBClassifier,0.0,4
motif_7_norm,XGBClassifier,0.0,4
motif_8_norm,XGBClassifier,0.0,4
motif_9_norm,XGBClassifier,0.0,4
motif_10_norm,XGBClassifier,0.0,4
motif_11_norm,XGBClassifier,0.0,4
motif_12_norm,XGBClassifier,0.0,4
motif_13_norm,XGBClassifier,0.0,4
motif_14_norm,XGBClassifier,0.0,4
motif_15_norm,XGBClassifier,0.0,4
motif_17_norm,XGBClassifier,0.0,4
motif_1_norm,XGBClassifier,0.0,4
community_Basketball,XGBClassifier,0.0,4
community_Host-Parasite,XGBClassifier,0.0,4
community_Plant-Herbivore,XGBClassifier,0.0,4
community_Legislature,XGBClassifier,0.0,4
community_San Francisco,XGBClassifier,0.0,4
community_Washington,XGBClassifier,0.0,4
community_Plant-Pollinator,XGBClassifier,0.0,4
community_Chicago,XGBClassifier,0.0,4
community_Plant-Seed Dispersers,XGBClassifier,0.0,4
community_Minneapolis,XGBClassifier,0.0,4
cent_eigen,XGBClassifier,0.0,4
cent_close,XGBClassifier,0.0,4
cent_between,XGBClassifier,0.0,4
network_size,XGBClassifier,0.0,4
motif_7,XGBClassifier,0.0,4
motif_17,XGBClassifier,0.0,4
hits_hubs_HL,XGBClassifier,0.0,4
Fisher alpha,XGBClassifier,0.0,4
NODF,XGBClassifier,0.0,4
nestedness,XGBClassifier,0.0,4
compartment diversity,XGBClassifier,0.0,4
number of compartments,XGBClassifier,0.0,4
links per species,XGBClassifier,0.0,4
web asymmetry,XGBClassifier,0.0,4
same_community_infomap,XGBClassifier,0.0,4
isolate_HL,XGBClassifier,0.0,4
hits_authorities_HL,XGBClassifier,0.0,4
isolate_LL,XGBClassifier,0.0,4
interaction evenness,XGBClassifier,0.0,4
hits_authorities_LL,XGBClassifier,0.0,4
hits_hubs_LL,XGBClassifier,0.0,4
latapy_clustering_LL,XGBClassifier,0.0,4
local_efficiency,XGBClassifier,0.0,4
global_efficiency,XGBClassifier,0.0,4
degree_assortativity_coefficient,XGBClassifier,0.0,4
average_clustering,XGBClassifier,0.0,4
Spectral_bipartivity,XGBClassifier,0.0,4
bipartite_clustering,XGBClassifier,0.0,4
interactions_count,XGBClassifier,0.0,4
Shannon diversity,XGBClassifier,0.0,4
H2,XGBClassifier,0.0,4
motif_16,XGBClassifier,0.0,4
motif_5,XGBClassifier,0.0,4
motif_15,XGBClassifier,0.0,4
motif_14,XGBClassifier,0.0,4
motif_13,XGBClassifier,0.0,4
motif_12,XGBClassifier,0.0,4
motif_11,XGBClassifier,0.0,4
motif_10,XGBClassifier,0.0,4
motif_9,XGBClassifier,0.0,4
motif_8,XGBClassifier,0.0,4
species_ratio,XGBClassifier,0.0,4
motif_6,XGBClassifier,0.0,4
motif_4,XGBClassifier,0.0,4
niche.overlap.HL,XGBClassifier,0.0,4
motif_3,XGBClassifier,0.0,4
motif_2,XGBClassifier,0.0,4
motif_1,XGBClassifier,0.0,4
vulnerability.LL,XGBClassifier,0.0,4
generality.HL,XGBClassifier,0.0,4
robustness.LL,XGBClassifier,0.0,4
robustness.HL,XGBClassifier,0.0,4
V.ratio.LL,XGBClassifier,0.0,4
V.ratio.HL,XGBClassifier,0.0,4
niche.overlap.LL,XGBClassifier,0.0,4
community_Hockey,XGBClassifier,0.0,4
